date;PM2,5;Cl;NO3;SO4;Na sol;NH4;Na no sol;Na total;Mg;Al;K;Ca;Ti;V;Cr;Mn;Fe;Co;Ni;Cu;Zn;As;Se;Mo;Ag;Cd;Sb;Ba;Pb;OCPk1 C;OCPk2 C;OCPk3 C;OCPk4 C;OCPk5 C;Pyrol C;ECPk1 C;ECPk2 C;ECPk3 C;ECPk4 C;ECPk5 C;ECPk6 C;C Org√°nico;C Elemental;C Total
2019-04-03;21.9913921131111;0.545143654316371;0.520384747962626;0.677219991309738;0.549845228699435;0.176492859632368;1.6948458448067;2.24469107350614;0.278282865132902;0.258337866798209;0.184244732427708;0.24100626119155;0.00936493660767983;0.00136367444613877;0.00199075699361089;0.00401055101248336;0.167190956801897;0.000202736345617566;0.000958696708567399;0.00219267823773122;0.00632363496175324;3.57909744323217E-06;0;0.000299086436066756;3.04035906655426E-05;3.79384328982609E-06;0.000845649748339924;0.00638627431674324;0.00291220335967973;1.55513111997265;1.19128919145763;0.744075191285692;1.38259626471991;0.0107291462731889;0.105811594673611;0.0264448566207966;0.0970449093410648;0.654510195893936;0.510012435155525;0.0289703090367431;0.0192063003854139;4.10799;1.20849;5.31648
2019-04-06;21.0355422315752;0.540589777386757;0.638503532805285;0.584333815387008;0.483757917183732;0.127491539255823;4.20144190186429;4.68519981904803;0.211134265499486;0.331115955862721;0.582018676509116;0.401110006675556;0.00606331357998296;0.00164791040672409;0.00192123488571441;0.00311714406284581;0.120685477202725;0.000113120876144007;0.00105635578702516;0.00753036344530422;0.0102628832054961;0.000614026944211807;0;0.000289582710999817;6.89334787087787E-05;0.000209332893046223;0.00228575742759494;0.00660916394697617;0.0228624271632203;2.1874686959842;1.77511975171957;0.806121851054905;1.35333188777601;0.0298944725443178;1.26471864533991;0.120208968063426;0.34766212669133;1.21384717543062;0.300645940941892;0.025065259048541;0.0311978094279284;6.8735;0.75512;7.62861
2019-04-09;21.5962914846164;0.16589310075028;0.427021775844183;0.386223976483347;0.503884500360568;0.120225163342191;4.39575635544348;4.89964085580405;0.239026455630049;0.30687626270807;0.223824483890565;0.361992888034268;0.0103535923261696;0.0027318901507954;0.00276252876024274;0.00512058164618219;0.186561664544112;0.000133114025819814;0.00132030786810611;0.00333696727558682;0.00967119135999888;0.000207459866879941;0;0.000369254561138686;0;3.86512390578401E-06;0.000674554046651001;0.0130651384658779;0.00322113690160088;2.7637034017061;1.98482797903413;0.820953189042209;1.41451102833935;0.024731581839378;1.21943613311974;0.119524684611251;0.345971145477425;1.51980643732498;0.758073973502175;0.0323204500666051;0.031710630338157;7.58378;1.56568;9.14946
2019-04-12;10.2345622304785;0.0884678305730369;0.280492563098913;0.446125297512742;0.280926922447624;0.239197238987112;2.95820675971298;3.2391336821606;0.0777657296340151;0.0942236209320943;0.100568921607503;0.31866899689893;0.00339206400089389;0.00114779669562767;0.00124219148159047;0.00174377187803808;0.0686990889557939;7.88955857953214E-05;0.000484707365724556;0.00165711840193983;0;2.51407148760169E-06;0;0.000504342496967764;0;2.66491577685779E-06;0.000744487449604392;0.00469462044892529;0.00249330116276111;1.22199701651669;1.00897340546717;0.477281324748169;0.857660120355611;0.00966548959024986;0.44190896874887;0.0287598967912558;0.101318639851086;0.55693714418726;0.396048399769517;0.0234540187971225;0.0156022159487673;3.5732;0.66484;4.23804
2019-04-15;15.0067986299242;0.268703098874945;0.22226517200813;0.458661373482899;0.321492781894039;0.167758172463301;3.03800798969845;3.35950077159249;0.143876350084926;0.191343964127749;0.134854045176675;0.475980712061217;0.00753344702625367;0.0010220985868643;0.00336041855031219;0.0026716862416205;0.132784391281242;0.000238020217497782;0.00145369076173546;0.00684899229882827;0.0871572875961082;0.000616642377265359;0;0.000405935667139672;5.97462982658718E-05;0.000469886673022971;0.00336213818434937;0.0102255624967715;0.068859825941103;2.12548107321322;1.76569338007328;0.735613800842064;1.22504539575843;0.0289396799265576;1.20381953270565;0.0995850394263792;0.380352416765329;1.92963404184149;0.964198191981573;0.0494364876085649;0.033873168082402;6.64469;2.23804;8.88273
2019-04-18;19.1418992974855;0.0965481963065716;0.356022959974865;0.316589049109897;0.301186227732818;0.010551063989952;2.81619388719542;3.11738011492824;0.133458224517821;0.142395119172887;0.227387279435784;0.413137802754883;0.00478191727362544;0.00121472260873529;0.000188949701610875;0.00464830970565369;0.0792848378460008;2.0263860766308E-06;0.00162880464328981;0.00603335622695531;0.0059983480037636;0.000333918990666336;0;0.000234859494840104;2.15170911736202E-05;2.68496155153581E-06;0.00217389612172132;0.00430170779823707;0.00403764611654285;1.98357992940419;1.82533041781224;0.714023989265502;1.06278341326527;0.0264461940143098;1.32046024027487;0.130716772732745;0.317296604934787;1.1668456853122;0.353833282897392;0.0220076686063113;0.0253134420837488;6.48499;0.68007;7.16506
2019-04-21;29.889320057484;0.414108280458723;0.759142366427654;0.48289141845449;0.329651079134572;0.317959998187427;3.47029756748199;3.79994864661657;0.153747906350984;0.185843124133383;0.314148868023085;0.265663114849412;0.00656117224876575;0.00059968175028939;0.00290818563384741;0.00304395198406153;0.162731672320621;0.00019656221835013;0.00259386262748903;0.0124679707035024;0.0255873264043256;0.000990685726772898;0.00041368741369652;0.000339838684888456;9.89393853956233E-05;0.000764085184215536;0.00807550683145867;0.00866554244875153;0.105371558812239;2.95548614411304;2.55311645481637;0.986484139501913;1.13487527865014;0.0325555463329286;2.76654320537778;0.286631148164785;0.634310703625179;2.73416010045152;0.896533307647871;0.0376851290050092;0.0297644637878831;9.98814;1.83729;11.82543
2019-04-24;20.6821496468329;0.11445285074541;0.139952536725387;0.363728173178564;0.309400368479245;0.188475241386543;2.91548392040364;3.22488428888289;0.139924194130002;0.260839871089554;0.164091389697576;0.487879589662377;0.00903857265090567;0.00246385623743326;0.000372498914172763;0.00321947682554161;0.144863154130784;0.000144641059791432;0.00541998493962977;0.00326962095529719;0.00747523788605611;9.18416040421421E-06;0;0.000221094873060233;5.74092987428131E-05;9.73521002846708E-06;0.000550574760792405;0.00631394083706688;0.0019069915981897;1.04248981853759;1.33605148573692;0.615140483114824;0.771898394601144;0.00811762644404993;0.569286896137301;0.0580410344296827;0.133918904900344;0.609315765507894;0.648982349437921;0.0357943522996585;0.0157525840346275;3.90078;0.91722;4.818
2019-04-27;14.1847330373147;0.164407441744938;0.410117144606559;0.290983135714569;0.307732514615705;0.15933900311502;2.85232176122761;3.16005427584331;0.0583539836535172;0.0632120857321273;0.134913461620174;0.0819690447720192;0.00155694251280095;0.000290738911181622;0.000693444437553831;0.000822449647044217;0.045477727706462;2.01273844231767E-06;0;0.00623157041867666;0.00425471380315425;0.000875797942629894;0;0.000139754819175819;2.13721743706444E-05;2.66687843607091E-06;0.00374687059127766;0.00397965954404606;0.00826834971942084;1.76856205880245;1.48455398040284;0.598688684693452;0.921458448000708;0.0159241668840235;1.3782815379722;0.132843506520493;0.264834318119205;1.27658360874403;0.497889413953704;0.0243010607471049;0.0245199876147405;5.72285;0.82731;6.55016
2019-04-30;16.129564578392;0.224641680291523;0.209547693467803;0.314725697474147;0.329257305954249;0.0908674608004243;3.13742123453613;3.46667854049038;0.172666510025597;0.192099633093191;0.183569320369763;0.187919550178263;0.00661869424397498;0.000759049448274037;0.000478225611735613;0.00257698778624148;0.169546738754232;1.9836987884749E-06;0;0.00603248010424492;0;0.000257536357480047;0;0.000340989492629127;2.10638180872139E-05;2.62840089472925E-06;0.00182253435420354;0.00659694520086663;0.00294840495889432;1.93056843333537;1.73514174800533;0.699782743471841;1.11497735112327;0.0311649822981627;1.0788334477407;0.0948779737909207;0.304457852676338;1.23982181731696;0.367617657667769;0.0216218480760032;0.0255866222080952;6.15227;0.95999;7.11226
2019-05-03;14.3574702805469;0.147634881779279;0.344625448915157;0.437367010507976;0.307994412628698;0.0652224233924539;2.87613604555176;3.18413045818046;0.0770470839737141;0.182173035321692;0.185760624485794;0.23159838187783;0.00783859805442473;0.00180904865886014;0.00071570357306058;0.00366537032865879;0.163720262838912;7.42499052834151E-05;0;0.00636727907420156;0.00608259824973281;0.000387532432443451;0;0.000210328968139363;1.8914567426146E-05;0.000133818338958116;0.00265337411331175;0.00868983667011238;0.00721620254588435;1.4552304694075;1.51719708688247;0.605033747600128;1.10369972226513;0.0236217557697412;1.31340677216066;0.113822389671865;0.32846808453853;1.57240728214308;0.542414967011557;0.0224569726769655;0.0242740301001711;5.57172;1.27499;6.84671
2019-05-06;12.9958638798319;0.290993377570536;0.336003996411023;0.65757115437624;0.341677709270232;0.0572425241913671;3.16045148116775;3.50212919043799;0.0839421663378721;0.134923164372796;0.15525000411647;0.278693290147574;0.00404069268626635;0.00240099109573164;0.00190382786814092;0.00214024639532562;0.113598191640226;0.000146310997890112;0.000245535509013853;0.00471264021502662;0.0347454132404675;0.000412208266378796;0.000669806626580595;0.000403368885303643;6.90827111143538E-05;0.00900172463092423;0.00174581695243437;0.00712992916588429;0.0138065331032287;1.4603688048337;0.942919839571084;0.385956659372237;0.660041545548857;0.00581833172667368;0.42790975300043;0.0437687168400104;0.136008976607414;0.847070507769749;0.984534081757165;0.0603488030716571;0.0184502389749068;3.44343;1.64706;5.09049
2019-05-12;12.5253507226886;0.139320288875756;0.400408253288837;0.477344481780523;0.329178501211492;0.164228811013111;4.97004395821517;5.29922245942667;0;0.0139026651180677;0.150588431101156;0.00888660618788296;0.00189354502939531;0.00235936729365566;0.000273029871645272;0.00291028605441254;0.0800160135879788;2.04024191376487E-06;0;0.00505117214164188;0.0181571039592864;0.000870662272422387;0;0.000193651637028394;2.16642187690665E-05;0.000248535720246286;0.0013565629559076;0.00241250129721149;0.0246920974823175;1.51834156607342;1.58709854701429;0.606350966767448;0.990603865007638;0.0244037806004794;1.21791433484772;0.130927450082823;0.334971474436215;1.07206034375041;0.295214673983666;0.0183857617177458;0.0218923225262622;5.49402;0.63994;6.13397
2019-05-15;21.5398380830123;0.432096661945528;0.358592332272796;0.56374551361096;0.392761885899855;0.0296986228913579;8.73738134895223;9.13014323485209;0.11419988708204;0.067137069774552;0.131851924602207;0.11677999559455;0.00289911637109567;0.00244179601740339;0.000617206430266526;0.00420101757330769;0.203483261815058;0;0;0.008564993158437;0.0371202227634316;0.000151820636428213;0;0.000397300747997829;0;0.000259510844440402;0.00113377817290418;0.0139060252100037;0.00864144594265563;2.60563150093309;1.50611267394427;0.614796772985442;0.978605807806191;0.0335301450613377;2.20931558188071;0.171696648651626;0.593404366918091;2.91972679043523;0.838160659259517;0.0246941814819755;0.0251127297718473;7.4994;2.34796;9.84736
2019-05-18;14.3629953951914;0.135182320661755;0.372028255239553;0.496205502767579;0.288709799624253;0.108830719949213;7.69305699086864;7.98176679049289;0.129174626320821;0.1268801175108;0.151517730728748;0.205361343212958;0.00290078872291438;0.000155420782149146;0;0.00111510603840632;0.0350820800067386;2.05113161046263E-06;0;0.00319278775964263;0;0.000386340357241175;0;0.00016088209148637;0;2.71774938386299E-06;0.0015466700541684;0.00240933559337232;0.00880067154794723;1.31830466767;1.37166156762756;0.748353213126792;1.50607292380761;0.0182328852756384;0.38920799319039;0.0355023020443839;0.126374007738347;0.679531794613512;0.270139383259787;0.0130618199003238;0.0130130357323102;4.89874;0.73274;5.63148
2019-05-24;17.5062098155203;0.546758104738155;2.18533333333333;1.41639189825718;0.929178199866374;0.748271320381956;2.47112631059458;3.40030451046095;0.0994482958245706;0.141337333585418;0.232888613234533;0.315760044577174;0.00485703821087438;0.00239845110413452;0.00091181669901616;0.00573638991534401;0.109703195016333;2.03468928017314E-06;0;0.00807436536555379;0.0190103663129229;0.000567169164940324;0;0.000262131819612816;9.91625674279302E-05;0.000218821059397327;0.00476633914688553;0.00460583320976287;0.0149245486249972;1.82740132920199;1.59271343926743;0.60390829575213;0.899622812311189;0.022025334066494;1.64548213738207;0.211673237247599;0.416583756029928;1.31318137737187;0.323870221138672;0.0226234118641377;0.02251989851878;6.14169;0.64942;6.79111
2019-05-27;39.0206068307529;2.30268079800499;4.94666666666667;4.78238341968912;1.13563042855779;4.98765228844254;2.66555426802841;3.8011846965862;0.153231210665829;0.17576846449052;0.281151103932767;0.154083366502036;0.00521875551908001;0.00164413003185812;0.00376600945490924;0.00397020145394701;0.139546291386958;8.02401976708576E-05;0;0.0250892972803466;0.124881087000004;0.00144634705565602;0.00208196145236862;0.000585315813430569;8.26699225986974E-05;0.00149325136643731;0.0105723422459569;0.00924698951673335;0.135294272130972;3.1558370303769;2.19619245347572;0.821452128383604;1.31762098398093;0.0380323687997841;3.52099509620062;0.299581726691674;0.722425968453394;3.6084919564432;0.964557520601117;0.0284416010717315;0.0263155686935258;10.59827;2.11319;12.71146
2019-05-30;12.6107500723169;0.781795511221945;1.50333333333333;2.20772491756948;1.05898635105469;0.375370431346724;1.63234501457085;2.69133136562554;0.0291123974203145;0.0485845364791002;0.101215778753439;0;0.00138015519104933;0.000933947351977278;0.000769082060740342;0.00129192660438583;0.0619633570135312;0.000182960493288085;0;0.00724570708985834;0.0511385400874887;0.000694866677583917;3.62775051302822E-05;0.000172547842128275;1.72777820415176E-05;0.000161182616871688;0.00255114919563463;0.00376479899937268;0.030363790622153;1.1924067940425;0.764402926256887;0.328983116011282;0.538130750109911;0.0079531997221639;0.875174478496214;0.0736924865989919;0.213625826699324;1.17721700788496;0.553607304944926;0.017554359298983;0.0128254293983514;3.34761;1.16091;4.50853
2019-06-02;29.2084511687207;1.06701995012469;6.98266666666667;3.22892133772963;0.914192994177723;3.54955548238393;2.01173507063858;2.92592806481631;0.134958776297576;0.131136042229258;0.21610178087445;0.195231918832304;0.00355031936354775;0.0017427346412689;0.00149656292604641;0.00308684337291053;0.0634357691043601;1.91526240582564E-06;0;0.00400248920235849;0.0265041401942547;0.000641275352774012;0;0.000748001601916775;2.03371293766869E-05;0.000267897771561375;0.00260397360373219;0.0033502436245521;0.0147562180391548;1.8768023143359;1.47570507189908;0.619485025496647;0.887702607885682;0.0174574446758478;2.28391683951413;0.304742553035359;0.68300140580489;1.59994085288574;0.256353253838917;0.0138134140808505;0.016609995564102;6.73799;0.57591;7.31389
2019-06-11;19.1158823224688;0.155799142685468;0.862713287775482;1.03742252036258;0.311345951213202;0.806251647644858;3.08724670703828;3.39859265825148;0.11581663393208;0.128891264527358;0.240515323020845;0.229813346432796;0.00384931338759349;0.0018116416397628;0.000150250091358411;0.00485718418481838;0.0870948471499446;2.05065734369686E-06;0;0.00434411014847402;0.0300226638375909;0.000526769206349027;0;0.000216183713451163;2.17748145523892E-05;0.000162959919005824;0.00105287942713496;0.00551105068451363;0.00779344741698215;1.75300949797844;1.19255196641455;0.62132208367273;1.30928028235589;0.0283053737847913;1.02324735482687;0.0815854440254267;0.303246716538042;1.32771430257219;0.401837505031702;0.0143230675793345;0.0165874993628204;5.47473;1.10637;6.5811
2019-06-14;11.9805973321612;0.156709301099534;0.538525144356878;0.68457046311945;0.286935065300103;0.261075389906846;2.93714665331306;3.22408171861317;0.136238150715695;0.121115392722818;0.0912581837884502;0.199269208077326;0.00372074859278381;8.90278157979692E-05;0.000654802544385028;0.00108823303232364;0.0263852101191413;1.91497620268961E-06;0;0.0060611520139068;0.0206890334239228;0.000222962584552149;0;0.000289492756902392;0.000146512461822981;2.53734346856374E-06;0.00177723690960546;0.00356097029408387;0.0288679049215535;0.987462881184041;0.658886496700547;0.445050221621958;1.07855134981113;0.0102676929600308;0.00735197388085844;0.0134563528308102;0.0530824227859978;0.385714465654148;0.257197967757874;0.0086062853532883;0.00961757579460992;2.53262;0.93762;3.47024
2019-06-17;6.03248222996915;0.126684763791326;0.288347481617354;0.297625721855753;0.259525385413543;0.0616439470304296;2.68216176660815;2.94168715202169;0.120569148430545;0.109717295279731;0.113037430658937;0.106646334374367;0.00192542139800128;0.000116939797376395;0.00150578308971342;0.00133619948760388;0.0301947603764122;1.81505865617305E-06;0;0.00352470561203424;0.0120762840663041;0.000371335725216645;0.000255241932618756;0.000130862922353891;1.92731202808494E-05;0.00102897781375843;0.001347398569501;0.0019036816080429;0.0121517990430876;0.916481147522303;0.947250721901401;0.46903805703954;0.684105468747955;0.0103767702603375;0.760348848495388;0.069993110542886;0.181853910907409;0.678937347712719;0.285982311071333;0.0185099134686733;0.0177086188856393;3.38665;0.47876;3.86542
2019-06-20;12.5441389735994;0.112053296227669;0.499688802289129;0.496066467569942;0.267136779333627;0.256533644309019;3.02027843343088;3.2874152127645;0.0861062147674941;0.100430653507167;0.134504125548766;0.303033919605316;0.0029767180427983;0.00190196620356532;0.000688441975101433;0.00134591931358722;0.061629458420181;2.02337038109711E-06;0;0.00166390125080947;0.00237722805412354;0.000210939100792404;0;0.000199444437132901;0;2.68096575495367E-06;0.000699298856454739;0.00463513517113759;0.00405736243722038;1.39901510993638;1.03447599276427;0.501277781095689;0.859462750411312;0.0179378939354559;0.822117556956801;0.0590869874114287;0.218755820941659;1.09743169590738;0.548337444453936;0.019483144137154;0.0196776531236919;4.18732;1.12519;5.31252
2019-06-23;31.9199168505805;0.444448270351654;3.10768163009807;1.29915017531015;0.296668659707958;1.45423547822285;3.19036849450465;3.48703715421261;0.132308785882709;0.176401079886539;0.320912996949727;0.222531981037544;0.00345309717443555;0.00172287381232651;0.000842993851278644;0.00159734951485025;0.0642299843135633;2.10830485520653E-06;0;0.0234044125856321;0.0330502369934695;0.000935085213483525;0;0.000284093103378077;5.5199410639257E-05;0.000495326615175955;0.00375381895308762;0.00472583890603837;0.0244535744927892;2.45609071222033;1.78306926132417;0.77761837295519;1.10680069781886;0.0236498335811552;3.07658054547992;0.297252147881437;0.730096641446242;2.60560452148305;0.670347320246022;0.0237666245776503;0.0213257278774682;8.75809;1.2557;10.01378
2019-06-26;9.16178922850191;0.138682691817192;0.260334473327467;0.305357618502485;0.245246544031638;0.0309043106062839;2.58973023780728;2.83497678183892;0.0246738219673682;0.102542493214366;0.136883825136575;0.163819811056733;0.00376452499637926;0.000272777796468178;0.00027684179775975;0.00435256683420833;0.0720448103163631;2.01336208040852E-06;0;0.00212555043921094;0.0262943018652223;0.000266899047841532;0;0.000154090801428471;2.13787964442043E-05;0.00023372587829587;0.00141874428428627;0.00290874474338515;0.00605862951182445;1.09551822278455;1.08893637951077;0.427969379159701;0.63241459677626;0.012541558177438;0.893608247366024;0.0880577508697756;0.210137787297785;0.805639528490409;0.265018210242117;0.017255760722007;0.0168110223683233;3.70624;0.49392;4.20016
2019-06-29;7.25605952383957;0.143621479895201;0.268670697071428;0.266810946391427;0.262073126998062;0.0668085305862519;2.71280383518961;2.97487696218767;0.0390164326743569;0.0270993802275676;0.0905514124000509;0;0.000640447224774642;0.000150073253250025;0.00177701688051663;0.000280708685462898;0.0107516536888051;1.89952702427873E-06;0;0.00383336577482703;0;0.000100317821206209;0;0.000456725096033605;0;2.51687330716932E-06;0.0011100624602765;0.00151942538646134;0.00270792609150167;0.839155400196269;0.803606735066672;0.39721802119115;0.777986575124413;0.00668901062245229;0.110515920272237;0.0151449322312283;0.0591073137491294;0.414213926430104;0.260703179899981;0.00803522824027071;0.00933937419844166;2.51557;0.64151;3.15708
2019-07-08;16.7625784024269;0.113577338751702;0.478693791852112;0.244581045187271;0.278475987998756;0.240195738127044;3.00446561553012;3.28294160352888;0.128258436041967;0.121127327578806;0.23326415173909;0.224151618618033;0.00361261221015183;0.000969955444329467;0.000111772107930885;0.00152301589429415;0.0598488109536531;2.07663373696338E-06;0;0.00155729497427863;0;0.000216295194112088;0;0.000166898443361048;0;2.75153970147648E-06;0.000416738708488002;0.00410585619323131;0.00145806123425278;1.63716114330422;1.23188401147847;0.501569338677499;0.768576920396614;0.0139962292940832;1.33750331768522;0.120512986309041;0.349008224408089;1.17072999450891;0.412491159427189;0.026538302092076;0.0219031901640762;5.03196;0.74781;5.77977
2019-07-11;33.3456550668541;0.185024358732973;1.36367408927097;0.746076990740981;0.263342617564538;1.31101364223493;3.11774869656637;3.38109131413091;0.178100795502033;0.173860752497606;0.372404668895065;0.323469585929536;0.00446879049985393;0.00251949148550026;0.000613904445304159;0.00257724947944496;0.0797257875345705;9.36636361538956E-05;0;0.00773804931519716;0.0438049535946571;0.000670690641261229;0;0.000236939513902116;3.99403041267291E-05;0.000242848827259142;0.00104053350884787;0.00491732592926154;0.0148122934716117;2.49504683707838;1.83795168345353;0.717619097042557;1.25223784451846;0.0260106451502297;2.41225016991146;0.26136735788303;0.701137887222777;2.24286306297449;0.732772642573575;0.0290569352649021;0.0261780207770753;8.28987;1.56551;9.85538
2019-07-14;25.0779982579733;0.224400411320914;1.88310367969334;0.819780215581849;0.244900275000451;2.59074423904945;2.76123428057163;3.00613455557208;0.116713040081979;0.116898155300271;0.191837211860837;0.0874572816126874;0.003474280987209;0.00341434240262717;1.58608662305659E-05;0.0014220019456044;0.0722024390377741;2.01934762686017E-06;0;0.00541000553062626;0.0277138030430554;0.000535605330501178;0;0.000234120425222126;0;0.000271167570858203;0.00205692709000517;0.00372260542024161;0.00886647825012414;2.30271471193324;1.28148450066362;0.581058085209393;1.04107179121609;0.0239089927162283;1.49098845974403;0.16325136633484;0.395683366494178;1.54325958070503;0.575766956068383;0.0248239024686245;0.0175376700850772;6.27515;1.2139;7.48905
2019-07-17;11.8555987665266;0.126951586734498;0.295685133744258;0.319254317075387;0.251957881279683;0.83885704423867;2.65928432003049;2.91124220131018;0.0905848295210756;0.114377756597704;0.132643589050673;0.131116141736144;0.00774984238798311;0.000667615998543354;0;0.00309231237169428;0.068711420865176;2.02466739147961E-06;0;0.00502728202736363;0.010572988958312;0.000150128630771306;0;0.000257248791916388;2.14988413911511E-05;0.000134134361539376;0.000544541743030519;0.00195744923611698;0.00295504984660083;1.36433247705918;1.10400038873678;0.473712374434558;0.88666776191534;0.0174034426420877;0.717415912240138;0.0632258768795734;0.178662047642854;0.770932666565802;0.384691400925526;0.0258173202287334;0.0175695053232554;4.11628;0.70801;4.82429
2019-07-21;12.0711829714643;0.125228996814608;0.205971562437927;0.262913292134395;0.256088079920909;0.0244688500252892;0.431697242565784;0.687785322486693;0.117641219484896;0.264649129368599;0.487937996397643;0.365517533949209;0.0120808931635362;0.00108201917741637;0.00116408088092864;0.00499021934357115;0.196330180890989;0.00107264984576083;0.00275144116145895;0.0219624495887535;0.0531346041703744;0.00021106902581744;0;0.00176893256245557;0.00244830617690173;0.000287305075580274;0.000915345756129905;0.00599952657017664;0.0107175939117734;1.33817971394384;1.13891863035218;0.514888379424864;0.822004131543744;0.00751843442322815;1.07503454038882;0.108926972996994;0.72640946182531;0.692384542383828;0.162921980753595;0.0162222052414076;0.022284365485597;3.77478;0.61384;4.38861
2019-07-23;8.93759226385474;0.182615236312548;0.401521844614758;0.147013711421914;0.220046458929585;0.0822892485285564;0.63718723239094;0.857233691320526;0.128624358626271;0.159904207927778;0.622436315514835;0.325649219967265;0.00560270260354006;0.000574905204577839;0.00073927195058146;0.00294586734668005;0.115645299236232;0.000200149878395443;0.00209688461253048;0.0389145019857708;0.118987768797164;0.000451212455106206;0.000654832070018354;0.00101942663980815;0.00234428935910458;0.000628537057475292;0.00476055982720483;0.0066435491132208;0.036271549961548;1.48096159258042;0.924639613340847;0.37599882828452;0.554880571242348;0.00634181108912949;1.8068487844272;0.126268975570936;0.934924113901494;1.50768655295523;0.212022915366072;0.015101320674597;0.0190254332673885;4.2183;0.97474;5.19304
2019-07-26;18.4325089028181;0.162277666663853;0.529889727297403;0.116435832783496;0.243250917422285;0.0815814431191361;0.363311978510385;0.60656289593267;0.0933172314601926;0.083818939531904;0.227717727090794;0.35571386977234;0.00380811103708166;0.000574093839994456;0.000204542395047946;0.00201095459951802;0.0953801898590497;0;9.81392236867178E-05;0.0126301622966222;0.109210287633759;0.000534641772689725;0;0.000606565501497649;0.00618412966718011;0.00016128747571938;0.00289341946553615;0.00555116975119496;0.0109577012283592;1.36755379448359;0.870980282020709;0.377818970720299;0.640401153955571;0.00558125001658425;1.17956022344575;0.0839714928952794;0.671382303122037;0.92935172838481;0.180853562034685;0.0107096801791592;0.0156906839537197;3.39258;0.67472;4.0673
2019-07-29;26.9718284451319;0.28054738362967;0.91655791666924;0.394637053416861;0.275482974854523;0.45553669275416;0.423840253336956;0.699323228191479;0.134362288702008;0.164081679516321;0.638439828127743;0.295322570126228;0.00653115390190417;0.00152616758762112;0.00328891463044629;0.00498630246778006;0.137119684086217;0.000153233260971014;0.00180317868980131;0.0218198255808571;0.0932975284317577;0.000577849247321204;0.000694488796976593;0.0066620884946396;0.00531829569864433;0.00136458996586969;0.00660412705803633;0.00697988085620678;0.0218807300772279;2.25710441123232;1.45677157550315;0.540494359655851;0.785717906800106;0.00847122599611992;2.82748062462201;0.197305071541386;1.39653025395454;2.09013523653841;0.308873924373103;0.0184784427701947;0.0197584361176129;6.76447;1.16369;7.92816
2019-08-01;14.0644609409289;0.128236582392249;0.130487343048206;0.0710456321913098;0.233992446563711;0.0158779361074891;0.882552965328618;1.11654541189233;0.0869319836022531;0.392498363260427;1.14102905297435;0.722343417522264;0.0216052520894878;0.00109625904399381;0.00165101572872841;0.00869859862727598;0.291058629262934;0.000267530303951766;0.00653802940741205;0.0247349139112793;0.0571377218380289;0.000167557018813806;0;0.000555671564587898;0.00207079084452183;0.00016382478087294;0.00105426266746101;0.0101918635933313;0.00506053492108038;1.1538426403088;0.948796157577842;0.361473916951948;0.605688076077942;0.00399472639901265;0.462803844816795;0.0455008956435711;0.216981823309799;0.496515198102055;0.138305232237031;0.0176352543620195;0.0147610016075589;2.35522;0.42448;2.7797
2019-08-04;9.95126781510965;0.10989399864411;0.266434736193897;0.121221932070053;0.287545489940117;0.0292842324880892;1.75542329264849;2.0429687825886;0.257755754366458;0.285311499252681;1.95222962698818;0.877670524272852;0.0109163835128272;0.000847190642169602;6.79198629139163E-05;0.00458152880087255;0.122854536863583;0.000316940620894091;0.00889351993442227;0.0360796822199787;0.0843003249251977;0.000195658969845047;0;0.000410949564174254;0.00317169578666307;0.00027592252409295;0.000482055898120119;0.00525001459073808;0.00573900017501417;1.16538994232999;0.982671322558946;0.387989751290259;0.651588185063492;0.00467114891594229;0.672793745353264;0.0530756262681013;0.406217137510761;0.428151726519036;0.135203831049762;0.0146436845678116;0.0134573596566293;2.66771;0.33496;3.00267
2019-08-07;9.45537370823484;0.29515247093293;0.389818505984023;0.45816054484353;0.299978678554583;0.151587537465308;1.56925097716446;1.86922965571905;0.140238667915438;0.231615083420448;1.66627905503159;0.779477682726272;0.0104802533155505;0.00314434185292009;0.00111954382525938;0.00551465097743854;0.194786157834064;0.000838622889540878;0.0126756510900958;0.0477977387049322;0.0853096549583483;0.000606931867423483;0.000574787738243891;0.000781038356141567;0.00202262283967034;0.000348759110158973;0.0033839852082619;0.0147233682778726;0.0213793726598782;1.51928616636712;0.96030607874312;0.361552206202173;0.636769532195689;0.00487110288217071;0.940917019792654;0.0765080822005666;0.532941071834876;1.31267751614342;0.349162625003532;0.020543345921358;0.016434674983637;3.37492;1.32969;4.70461
2019-08-10;9.1832061938026;0.123588139996699;0.494273313651701;0.117723951175303;0.320750240959025;0.0450710048774296;1.83254194744391;2.15329218840293;0.233635426014983;0.287746515388906;1.84351813571805;0.129010958867702;0.00994594442631655;0.00162422687332305;0.0022518801825445;0.00460410162751375;0.163037984079391;0.000336182433801526;0.0126871703341581;0.084061859667365;0.0685814366409946;0.000319525399556822;0;0.000480811590590344;0.00268315516186143;0.000129178612279796;0.00160552650152362;0.00698495227913095;0.00418700200303452;1.51430257597359;1.49454884393834;0.488255563766491;0.733583543969664;0.00654693681891925;0.931361272813603;0.0864673231398092;0.613087253864816;0.458172313742151;0.105881935023976;0.0267280863164726;0.018132879208756;3.9653;0.3339;4.2992
2019-08-13;17.2282542463963;0.360786016654288;0.479689094134315;0.246731254690595;0.384222489233056;0.191841128627735;1.55642996889502;1.94065245812807;0.227899360963961;0.247935647748074;1.28244102154173;0.592953316907994;0.0103111289684765;0.000783545868228449;0.0108659641904034;0.00776974050155447;0.266546168326081;0.000382135603701213;0.0129752780692219;0.0582591832968815;0.107019828122197;0.000437064418030439;0.000467178824525442;0.00203283247905183;0.00440739503064173;0.000618353520539786;0.00661117328566449;0.0122801755675246;0.0391084108800498;2.29203825698152;1.33678916763167;0.531272964974567;0.747698530708668;0.00782540582727562;2.3096298996879;0.153688026632102;1.17949983886462;2.05131817976012;0.371370996605237;0.0250998974008363;0.0267235773198457;6.05339;1.45599;7.50938
2019-08-16;51.4232284294017;0.29157442750471;3.41061150689418;0.890348684242391;0.310047923269166;1.68371661075475;0.305296149347473;0.615344072616639;0.123832309437683;0.16911754650745;1.08289449898733;0.339464453239135;0.00808460873781138;0.00645871371184155;0.00117452330230198;0.0053068782176363;0.207410387635841;0.000290418931219766;0.00918142019127835;0.0433381044397387;0.051063273554844;0.000926148219208343;0.000208736468146122;0.00096756582434444;0.00411027492907091;0.000476232063672878;0.00385309974085961;0.00729678410514543;0.0497934343200691;4.00774293951385;3.84011585753465;1.33293690463787;1.38470793538168;0.0130450334387596;7.26717791755966;0.707505051548825;5.03395513676298;2.69438511521933;0.181281737470721;0.0255815286864561;0.0355864199862617;16.76009;1.37214;18.13223
2019-08-19;13.0056710552115;0.271136632805425;0.742631972141817;0.516518315509908;0.30064340532794;0.285222277464186;0.799045868433886;1.09968927376183;0.13820929735285;0.261982112081491;0.32926446224127;0.514982658190837;0.0086891488831047;0.00153255677873572;0.0016922089233299;0.00507692919780317;0.193592627770595;0.000222454784313829;0.00258958138373854;0.0807044088126273;0.0755776577913457;0.000553868859686425;0.00161329082361221;0.000395013005965908;0.00361327307064106;0.000209289006856867;0.00252630876412081;0.00779050332096048;0.0526165977311222;1.39053751184003;0.745956145595979;0.281287492287782;0.603050168305107;0.00536751028719993;0.935419511926892;0.069457532477816;0.515878593393192;1.05274737186185;0.239233083392436;0.0144485288615028;0.0186315628354492;2.93095;0.93797;3.86892
2019-08-22;34.9787703267477;0.353060146913196;1.32864160865984;0.52776726500197;0.295359911992657;0.591370243561198;0.637556542967646;0.932916454960303;0.0692089748203247;0.153197433659756;0.738359072381855;0.283278641675068;0.0100174821881384;0.00560889363003184;0.00370189560330018;0.00903593887272342;0.290502980556297;0.000227135384895512;0.00464390288475602;0.0244091596120943;0.0972833752818563;0.000664338112620789;0;0.00117750119668531;0.00221738373830465;0.000825659769030003;0.00469920042049827;0.0144732896351083;0.0133943180888253;3.11132474104665;2.18137068497513;0.760765509748816;0.875590359850338;0.0111323836396737;5.37597771274839;0.42949836461576;3.25189391196371;3.55475138559456;0.310239332513284;0.0228937157302186;0.0261537641684673;11.30599;2.18318;13.48917
2019-08-25;15.0887141990911;0.13695599667396;0.680101570488849;0.493668986849553;0.250723176755205;0.334769116852951;0.932579784847563;1.18330296160277;0.100182683571812;0.107387151504849;0.68540882236411;0.348676143177918;0.00427564923647823;0.00259049725948338;0.000829580500539879;0.00410272518097586;0.0997128145026116;8.96094169687562E-05;0.0028784735071468;0.0134152570996496;0.0800601313368227;0.000239980997734891;0;0.00031478593139835;0.00138645857769215;0.00026173004326605;0.000729110025871386;0.0053012904302167;0.00909687334477942;1.58999907435903;1.28097774171675;0.469357722230085;0.717801068203252;0.00787971719955468;1.7659400887081;0.191773145510625;1.30889830452756;0.919804254291673;0.129919662906493;0.0120427565485592;0.015540805267779;4.94082;0.78004;5.72086
2019-08-28;26.0495683200189;0.10807637680767;0.528808411378897;0.583824312201116;0.259436516836221;0.425142154850563;0.741476061976365;1.00091257881259;0.0917610702969947;0.188150578125631;0.759547439717628;0.425041769702254;0.00865533225043172;0.000846258988427803;0.00280742071648917;0.00422814785197539;0.166368641761207;0.000111374773987703;0.00108452654160173;0.0154580097239174;0.0493062168967468;0.000365016865088132;0;0.000327706363367622;0.0015684510144789;0.000136266123523714;0.000897267857840217;0.00741060159895131;0.00765845198206523;2.19651745995278;2.33073542205978;0.795194847871614;0.974188903654589;0.00864570186562706;3.29298498016822;0.26205662550591;1.99776614227857;1.56331470135226;0.191852716744665;0.0200967630150826;0.0263663934696738;8.63733;0.73397;9.37129
2019-08-31;27.550553829963;0.751419365073784;0.58465025022734;0.110183848911569;0.319043800631316;0.38214352451356;1.59299003516595;1.91203383579727;0.265703670090804;0.413673851131846;1.14589532224252;0;0.0135875445827456;0.000930277360072468;0.00160398395913296;0.00686751040681742;0.278676992102536;0.000394916689765611;0.0128992270114477;0.070917480755205;0.104128703470446;0.000986300058995064;0;0.000441687511972425;0.00149804895523782;0.00113031669585589;0.00895441903718619;0.0100697955824218;0.0141337514032267;3.39676570104527;3.22741634866325;1.12630467235012;0.8952651805545;0.00961486722882505;3.84181666413992;0.308805518014159;2.20340485322556;1.94390948002142;0.155179456761425;0.0295389424935376;0.041966470128384;11.37241;0.8006;12.17301
2019-09-03;19.2968648620272;0.480062396886386;0.402213958488218;0.0783069945243242;0.318478889229598;0.110724336923306;0.447524849143722;0.76600373837332;0.0300157974790096;0.193078623174789;1.03841351986753;0.418195074636673;0.00933636944158021;0.000714409416705264;0.00169180311643453;0.00588602594685609;0.163635566713285;0.000128056870624752;0;0.0239507486051174;0.051845179668365;0.0005700878904476;0;0.000335234528157321;0.00192432576728495;0.000516650546351982;0.00449965475440731;0.00585403584612668;0.0160261626809524;1.67138924583978;1.23605020370825;0.542739660902093;0.673238851679531;0.00790368977668781;2.03588939450638;0.166672446965006;1.40049615148745;0.928925165853227;0.151736729806466;0.0226980790694481;0.0279986166746156;5.03791;0.62209;5.66
2019-09-06;17.706906741226;0.329113478264384;0.539635371289379;0.695012924241113;0.310929671769341;0.266344221734806;0.836658208367469;1.14758788013681;0.142689818137827;0.257991992759711;0.950402846127074;0.273488906798222;0.00778258826872439;0.00420186698005405;0.00166210547981703;0.00284975877700467;0.193456955005003;0.000127396736342383;0.00189317480848151;0.0102185356372232;0.0420880803381169;0.000371597555300472;0;0.000530110819329452;0.0013958293427101;0;0.00164784851602026;0.00737816685694163;0.00822676818410485;1.44494732409752;1.0148999408321;0.377091127699931;0.681933284486736;0.00563808796354651;0.945701093360909;0.0908260747139599;0.685479248055736;0.934303837043644;0.170629246517748;0.0113312365587797;0.0123553407528018;3.41353;0.92128;4.33482
2019-09-09;11.2837565881024;0.093744825899458;0.359326998488497;0.286676644304447;0.252652127451306;0.109614128903143;0.430698045911062;0.683350173362368;0;0.105690651851543;0.472645576233617;0.0738487228970028;0.00374584409418309;0.000589141036050515;0.00156996660734694;0.00343159230712139;0.128375654199299;0.000224598228072622;0.00148054776441816;0.0151084414936785;0.0432077620710261;0.000159486078813632;3.67372242134162E-05;0.000334494115983017;0.00297919080789792;0.000142736520262404;0.00103463313035507;0.0041197192291394;0.0153695531491803;1.08800848521356;0.571868060743939;0.271740631019829;0.583757214772731;0.00332439366252481;0.491906547863633;0.0280657510321476;0.208287180534993;0.851116974059431;0.319555843607452;0.010190663294239;0.0112987945150806;2.02154;0.9011;2.92264
2019-09-12;19.3621455692385;0.188259933915735;1.23631185014999;0.287134916205208;0.279080778202713;0.464828311033022;0.426201449046855;0.705282227249568;0.100135647634526;0.288260711115814;0.414428459866287;0.33823508823829;0.0148594689212948;0.00109369202152969;0.00399060926291055;0.00710605503803582;0.212739713579397;0.000121319353491783;0.0121302891268076;0.0219135199523294;0.0998732998138105;0.000407132117631654;0;0.0011789444916263;0.00143052850561367;0.000601158632172643;0.00523236917018056;0.00822907977919884;0.0273195005500732;1.8144971030729;1.37876657363063;0.462634522677373;0.748547457628347;0.00795764280419103;2.02112021811661;0.172125388405518;1.30312478769667;1.13959640820439;0.157664940510155;0.0155185071418123;0.0176567108706151;5.37815;0.74667;6.12483
2019-09-15;14.7562523998601;0.187077121654429;1.27984008089807;0.302182103956497;0.261219212400602;0.436504392005096;0.889044873512814;1.15026408591342;0.149266684829325;0.242245914960728;0.255659488646217;0.375207883737236;0.0107396799814645;0.00286141485631525;0.00106998350847029;0.00309418533958318;0.1434050727326;8.6216216999562E-05;0.00212921853467157;0.00963834076907247;0.0428593367815739;0.000187072774869063;0;0.000243685493165112;0.000269444932229698;0.000101192212633186;0.0012306860395031;0.00921684858472784;0.0135814807713074;1.52561388468447;1.84766110996889;0.636769071698471;0.800508818765801;0.00725331422112328;1.44434585561627;0.157525528088025;0.994311130568921;0.805159053547723;0.150056165413881;0.0214718659347826;0.0235295444622296;5.25803;0.67165;5.92968
2019-09-18;22.8423259438578;0.303318896995156;0.55934666332412;0.22172203847682;0.298121999990017;0.11121821673676;0.01;0.135578432199944;0;0.0995945969109197;0.540327137175232;0.0326660990387708;0.0104847636991247;0.00158277465479257;0.00085097156386462;0.00629202034633157;0.198266976761494;9.70904261338213E-05;0.000988264072577099;0.00674929802329665;0.0165302692331242;0.000190260614015428;0;0.000182386429556702;0.000173201712067982;0.000112806300863879;0.00090377658785049;0.00481292847644764;0.0054722628103282;1.98689396402799;2.15232370256606;0.787400432997139;0.828461575772566;0.00990547358622056;3.05207198845307;0.361338225210957;2.22462538635969;1.01387178009146;0.127670551570309;0.0258219600001709;0.0333145699662237;7.8075;0.69832;8.50582
2019-09-21;20.4725269073325;0.172847323824363;0.202612423178598;0.211447160584503;0.291752773865421;0.0565213086949689;0.473831219063132;0.765583992928553;0.0220738456586941;0.396124284620896;2.33978166914012;0.433219818999412;0.0231118045629141;0.00164614690588399;0.000843203510979749;0.00762548287399874;0.289462165889712;0.000122080940907117;0;0.00574182340560183;0.0026496967645361;0.000215021816096239;0;0.000119026044632096;0.00207986189528235;0;0.00117197009000087;0.00901746136023158;0.00448037857481832;1.17356428526385;1.5200361023953;0.541843398228431;0.681694530798414;0.00693357430397941;1.07657707827987;0.131158394987484;0.73785660540403;0.480248149043181;0.105276486215127;0.0248987769998007;0.0269064059190455;3.97862;0.39307;4.37169
2019-09-24;22.1348200154424;0.184143957632177;0.547052188926719;0.317136963220314;0.278964741491635;0.211712609488712;0.369317153904899;0.648281895396534;0.0147785584608974;0.14722049167326;0.310846849378035;0.16007182686585;0.00922150293716247;0.00385058851109719;0.00252675771953976;0.00574019720890573;0.18429458958033;7.24642169592309E-05;0.000337663964485763;0.00857760559771296;0.0216805000791816;0.000338023792276447;0;0.00055292930306847;4.09898923240581E-05;0.000168363268248339;0.00385855703984075;0.006071144471874;0.0134432789630465;2.00389381874627;2.21354266866511;0.716369390239067;0.829675869060805;0.0117430925852264;2.49328421032697;0.233703813949345;1.64209275656399;1.16271867586547;0.192968685822251;0.0299570866985834;0.0313183134720113;7.30473;0.76487;8.0696
2019-09-27;14.120159991303;0.381266747015666;0.285592248182153;0.312765886492466;0.316387547430522;0.0632945510902418;0.821344591695493;1.13773213912602;0.0646357288687538;0.084783337194114;0.16124944889749;0.111947431652841;0.00478980701763895;0.00165188138532256;0.000483395562354834;0.00156787635525499;0.0783089548317111;0.000130506566463832;0;0.0033952815275813;0;0;0;0.00013008436851463;1.75032637152032E-05;0;0.000800540227284742;0.00420951905374207;0.00091491822402657;1.16758091680278;1.16104102281076;0.476762445931557;0.633036923651614;0.00738981719722786;0.784346731015608;0.077929915415239;0.53278208693186;0.683708523171388;0.169582344364113;0.0153289471812608;0.0159611750517564;3.20419;0.67411;3.8783
2019-09-30;21.6400002755499;0.147756507528682;0.48142573998437;0.56591781993552;0.269125498442033;0.225428593149547;0.01;0.05;0.00836353186104503;0.10758999445311;0.207781059631313;0.111137996571303;0.00605835968464807;0.00125286320962933;0.000593186109446728;0.00297294688809511;0.0966461344818195;0;0;0.00568046996173218;0.00579043899333095;0.000342106298468319;0;0.000130235682358179;0.000286249820669336;0.000256427537090339;0.00195251058245157;0.00291015694299659;0.0196799783193714;1.49951845485678;1.6147867134545;0.553343446146472;0.802430255288835;0.00658074463298452;1.78407309984709;0.188006990851208;1.18901150598726;1.23595798010052;0.172331395260978;0.0206036409676595;0.02124468776764;5.27028;1.00752;6.2778
2019-10-03;16.0910947712582;0.312616024253498;0.229275333072427;0.703536357586933;0.286166349864357;0.10181040253033;0.01;0.230851112551615;0.0235484910845218;0.0704202643127401;0.114772797633512;0.0985113328892829;0.00492906170167934;0.00200322205024316;0.000520170133197869;0.00174510077139742;0.0842944739350905;6.22652877989146E-05;0.0016773950589837;0.00259162473361681;0;0.000154580523375132;0;0.00011613748538516;8.7016687846141E-05;0.00014552656819644;0.000413564045468389;0.00328912301531988;0.00529058571299409;1.01800902763631;0.795234496731744;0.258219401561436;0.472366752685133;0.00253578281692835;0.330475092497396;0.025872469281666;0.170674064605706;0.69006971795584;0.316308595154192;0.0383923166221552;0.0180779786081964;1.9471;0.89554;2.84264
2019-10-06;11.5632290365742;0.0985261117256107;0.218618407204303;0.407666811361623;0.255502368255599;0.176086354172813;0.01;0.05;0;0.0142888705804;0.180911556591792;0;0.00420597276928025;0.00122634572567605;0.000114346626028906;0.00220873814430898;0.0835870725989085;0;0.00139627427632694;0.00253789123668865;0.000634021083250003;0.000136617475211759;0;7.19730171664498E-05;8.4956063079315E-05;0;0.000261338781456445;0.00109702643303591;0.00199035698684372;0.996272227663434;1.14655847084204;0.35018566023431;0.60059664187566;0.00412339275943006;0.510837404628244;0.0506344925864328;0.286850034417683;0.528096958132709;0.148016552674093;0.018375577458248;0.0141197817092119;2.66613;0.50142;3.16755
2019-10-09;15.0068559166227;0.114425179885929;0.410616161615593;0.402314961723426;0.253534574097308;0.107728358958343;0.01;0.05;0;0.0650031552458206;0.155498524005907;0.00678598009439337;0.00477507842184776;0.000810842958101847;0.000173258209796104;0.00290860493124455;0.0782348802613953;0.000105297736495127;0.00181289552404785;0.00361431047620362;0.0749579274691106;0.000152221006745757;0;0.000163816155894853;9.24577763372799E-05;0;0.000558116210153972;0.00289168649900349;0.00321581403710099;1.52284173189317;1.29711667175629;0.436187871999071;0.70964990473544;0.00584876354658142;1.09101723005582;0.0968852412819141;0.586510231645958;1.3704489002074;0.414714465642616;0.0179640594645001;0.0174534522630155;4.13664;1.37971;5.51635
2019-10-15;6.85328767778929;0.211737498283707;0.246106483512366;0.658742948288913;0.280498224008576;0.0674072596802512;0.01;0.05;0;0;0.104273842877791;0;0.000549644305095243;0.000715922191598019;0.000123868335136423;0.000932719490235104;0.0271991252141207;8.92674933306574E-05;0.000295758162439247;0.00465831767470866;0.0044823041124435;0.000190962558739083;0;0.000113672951441535;9.1354557433748E-05;0;0.000844877847826606;0.00169851281721744;0.0064404967235988;1.16846784429772;0.581031077454476;0.256637189731746;0.49987995382039;0.00223241461552538;0.429508489085714;0.0224045960015217;0.183299341303771;0.859318843279197;0.348296992430073;0.0124090093591658;0.010860393840502;1.93469;0.97106;2.90575
2019-10-18;25.265367253755;0.271512223521647;0.567054526662437;0.38933745371148;0.303899321544317;0.137263964377719;0.01;0.05;0;0.0581900320074977;0.227081510812106;0.0695831768766096;0.00632943031863306;0.000532952846904536;0.00300464265772742;0.00531231737490921;0.210372588428316;8.33933645272332E-05;0.000420531491870397;0.0257456524974935;0.0459891874395072;0.000398690766383577;0;0.000430877816489369;9.71669179399215E-05;0.00048739911988316;0.00633582837448822;0.00797595486650896;0.0238946801532253;2.32623732800023;2.28524432214311;0.807481366942536;0.904627395763722;0.0100863361470616;3.39968995304051;0.247386750425858;1.86644220320684;3.06503545669042;0.322501650437532;0.0235974330245015;0.0262495349877568;8.70193;2.11449;10.81641
2019-10-21;14.2410586386676;0.169667539973359;0.703767384766479;0.453512023291445;0.27983767672675;0.171087116807711;0.01;0.05;0.0490826555276391;0.0893724239894322;0.150764677181182;0.24564869232741;0.00464046671482828;0.00154051395398763;0.00189513187627905;0.00277045718166318;0.0907719622373989;0;0;0.00706293616834094;0.010962535958183;0.000122215393480935;0;0.000318555783132121;4.07974005780514E-05;0;0.00144267123954819;0.00364277741052355;0.00961878201634695;1.5009519772439;0.881426879194453;0.350824174242821;0.647444975455874;0.00607690002273931;0.822219476683837;0.0726147076550037;0.518087754027796;0.946902250583406;0.213095216518301;0.0116013556637358;0.0130355899082044;3.14815;0.91503;4.06318
2019-10-24;14.1050250579686;0.151986098715558;0.447073090689084;0.317002869159303;0.245371642238101;0.124687823728602;0.758686184597461;1.00405782683556;0.146459458601319;0.232190661573499;0.288809497663958;0.444502895876906;0.0108518016049792;0.000959142431204619;0.000361334915829073;0.00435753089065042;0.227641651328225;0;0.00587495604103006;0.00312737518307473;0.0480927442842392;0.000236439025896655;0.000632042080677413;0.000198188360186118;3.48025385508638E-05;0.000191989078793422;0.00183623573152211;0.00664909935907566;0.0144289903507018;1.7732877948081;1.32069336435312;0.461011695038744;0.823764619453617;0.012613392077577;1.01268704240408;0.132567567579233;0.68438831636205;0.815190216395881;0.155254745445584;0.020244309777983;0.0227234522750614;4.44494;0.80387;5.24882
2019-10-27;20.3414876137472;0.127532443115331;0.909409180145404;1.21211830747568;0.260637944578012;0.455687655409627;0.956200663459417;1.21683860803743;0.14433232830487;0.13572972711527;0.26472440021082;0.391914940927051;0.00469392060922604;0.00681013495167728;0.000574882133775503;0.00225916390162719;0.104510869933107;0;0.0100497355757448;0.00244669350165206;0.0397431378587969;0.000472050614811204;0.00205564786299669;0.000220018609510466;5.12289501807502E-05;0.000116622113834428;0.0014549654295473;0.00334472710001759;0.00807356978512716;1.92484602277003;1.45378502455569;0.528650167448813;1.03228278654428;0.0125400812000393;1.22845179295932;0.167618662409194;0.891949125904598;0.909613104167086;0.101009661903261;0.0151207566588742;0.019993974117377;5.18579;0.86253;6.04832
2019-10-30;10.9108791637637;0.134287252981882;0.274579388389558;0.553163309372992;0.25654233328723;0.119216676782966;1.03152443066418;1.28806676395141;0.171405048521134;0.179930510611092;0.14450125424325;0.445214714403499;0.00697985649215101;0.00167182998835861;0.000746132115050597;0.00244587806127756;0.120473142483911;0;0.0263064241985773;0.00392800978533145;0.0600372119436238;0.000411096875652678;0.00200926127505561;0.000207285161197283;4.22577105221682E-05;0;0.00142151822191722;0.00400029837439948;0.00888181319817665;1.3060697771284;0.911313612742559;0.346340421947065;0.6399873157554;0.00655371403906293;0.464642713328695;0.0600257714291504;0.3501263955813;0.982122309308639;0.186750861274142;0.00977665534482996;0.0128438380284557;2.73019;1.1234;3.85359
2019-11-02;8.0284792413059;0.143858800618677;0.233092150874514;0.251587709623905;0.184002398001095;0.0861357280783925;0.311533225828748;0.495535623829844;0.126797172740429;0.1937987492225;0.120092997237944;0.441090189446083;0.0065017805986894;0.000513911576463131;0.00189268057989263;0.00208092763727752;0.0887602095607628;0;0.0715144328695879;0.00389521141291145;0.0593103998803572;0.000126351215459147;0.000891829014974433;0.000198988948639024;1.2443119811199E-05;0.000155684594557019;0.00123922105415706;0.00324771346405847;0.00671309969862036;0.979915287542396;0.809121353788872;0.294426928866179;0.554883755383439;0.00645498402836487;0.436482057666242;0.0595091377093819;0.343328991236144;0.338705369800764;0.0701344839748231;0.00902065899973137;0.0119671029147386;2.37545;0.38602;2.76147
2019-11-05;16.7423982261379;0.116654454879587;0.434418837003964;0.302247895223848;0.198606333364021;0.147520193466336;0.538428493936612;0.737034827300633;0.147085692373898;0.219800920291721;0.149215089118096;0.408865703080954;0.00835126826131252;0.00130506225810883;0.000636535956228037;0.00376352819063579;0.132763265367973;0;0.0416938393460748;0.00376577326168702;0.0466923320972319;0.000237105882767515;0.000687684968998536;0.000283654567023755;0;0.000137704633273621;0.00116742428490696;0.00458850396544006;0.00580168641157882;1.91894212943142;1.22719499133997;0.394902874595843;0.666798230311139;0.0120536792333298;1.44493930170647;0.166489172281688;0.891049201844413;1.61595316015191;0.202677373910074;0.0150399513717892;0.0174470664452372;4.95902;1.45356;6.41257
2019-11-08;15.7962651648736;0.21671885359582;0.393188670152351;0.755790409516463;0.340433639279672;0.126893334938655;0.850881778516033;1.1913154177957;0.207942136870089;0.215024389370582;0.127056978125743;0.319382751174704;0.00700125800869966;0.00240030846833108;5.05878916801204E-05;0.00250467380508224;0.117333046281127;0;0.0529848661573238;0.00196922426883987;0.0376586613830673;0.000230174184531259;0.00165532513043719;0.000177948919569701;1.96507690069734E-05;0;0.000845045553090334;0.00299235523921768;0.00569714577838918;1.54860808443815;0.901186175310965;0.381449923049919;0.721887235196494;0.0072155696718623;0.470647641674262;0.0743792124569182;0.423523949220456;0.848138200122998;0.170433827768216;0.0141585863904146;0.013627817774386;2.91631;1.05757;3.97388
2019-11-11;10.9331103883801;0.214966103420941;0.216334139538627;0.541639696340222;0.314672469917801;0.0960839612857081;0.87885313700032;1.19352560691812;0.210241430461777;0.186840563782261;0.108650550286829;0.286770556923839;0.0049805192300993;0.0011047565225904;3.96959845079503E-05;0.00157702634295397;0.0922876654294485;0;0.0491849604453272;0.00198869686495171;0.0322494736456948;0;0.00110129691077736;0.000186809276636142;0;0;0.000397588528091314;0.00223419053104347;0.000315836440219437;1.14045710536612;0.803690885022334;0.370707914507706;0.635377057531941;0.00432389030390437;0.240521571106571;0.0328919452930609;0.199990303458321;0.640626421865477;0.179683224021146;0.00853726620609925;0.0103607584841504;2.1185;0.81607;2.93456
2019-11-14;12.269334290588;0.141479779714214;0.427784449029321;0.552377189844024;0.294504131431626;0.100221036233409;0.759885654329798;1.05438978576142;0.201872332717997;0.289135833061711;0.135642071863963;0.468326611551587;0.0101724945846903;0.00117866350171858;0.00039197761158358;0.00348869426516553;0.143023533405236;0;0.0993110267143931;0.00202854710671476;0.0866228287034412;0;0.00142261059613636;0.000228136399328391;0;0.000106737081888322;0.000425199487857988;0.0047063685136401;0.00251707881524085;1.51881693470371;1.20947881064017;0.612270032166249;1.08596476720488;0.0112070372602881;0.0122532898014307;0.0278860604564125;0.203160446749851;0.610454682775587;0.250435226830129;0.0104835795040952;0.0136010311072165;3.3833;1.13443;4.51773
2019-11-17;14.6285430983944;0.143973892926698;0.234811779671118;0.416256526159978;0.328559728124746;0.0746377493296685;4.9914793404915;5.32003906861625;0.117579739794188;0.129294205458249;0.224598701091499;0.228424623128353;0.00468124555979793;0.000956226627361322;0;0.00182302954272386;0.0946448902571405;0.000170412600221568;0.0370988275785378;0.00116242699100383;0.0340897906603778;0.000369917015676562;0.000910258627097244;0.000403156745235922;5.46036224319568E-05;0.000119246064152699;0.00132156789083138;0.00355699126111112;0.00794757571103078;2.28224221118159;1.85350455205483;0.612321719710133;0.951360004070052;0.0126430427523581;1.21520411607582;0.163421437285503;0.896154987033551;0.589503380350628;0.0916909086824304;0.0186181768900164;0.0255747360931472;5.79293;0.55343;6.34636
2019-11-20;14.7646320757567;0.242014913443066;0.531061585476997;1.0452289888707;0.344125866899714;0.334331168236738;4.73238513691283;5.07651100381254;0.260745976138849;0.24722260915876;0.142292707169682;0.423446999770293;0.00875269522805603;0.00179528659290933;0.000982465091418403;0.00246639188102382;0.10462519101914;0.000162059483185526;0.0414241772439291;0.00251175179089999;0.0385543878109212;0.000263479281988363;0.000168811302835664;0.000353368603983168;0;0;0.000917899220217426;0.00531839467615448;0.00443812654405787;1.875563397143;1.21874841469576;0.450522423210463;0.894030719826977;0.00652402662284333;0.564585989520622;0.0885331905550874;0.46144616637018;0.90426287016459;0.167374592094356;0.0121304149763486;0.0105591178863351;3.96704;1.06471;5.03175
2019-11-23;9.63193762400515;0.31658945834332;0.208748483759887;0.445948296958605;0.314394594176859;0.0405225201470107;2.7594698248234;3.07386441900026;0.0498340330850151;0.0513070167227101;0;0.178553677808543;0.00256725431982021;0.000728790106742379;4.65804419179768E-05;0.00105844911526289;0.0473898874876103;0;0.0345289626612953;4.70978765024826E-05;0.0194073060276304;0;0.000242259262591323;0.000199227821388085;0;0;0.000208157755618513;0.00189616806755334;0.000329299151198488;0.808866551987579;0.821076678836599;0.330278854190881;0.463607302328398;0.00128595659221175;0.106230618250616;0.0249104349524995;0.0994031140978148;0.283997542781494;0.0670288185392312;0.00235979648874193;0.00418930314815143;1.42586;0.35974;1.7856
2019-11-26;11.4870610139338;0.188471729016327;0.340083706330085;0.420210152245364;0.28999795326147;0.138803236078748;2.96137712150612;3.25137507476759;0.26188622828242;0.25137132603552;0.133986495731874;0.637338956604719;0.00808758580329156;0.00013986211282049;4.74088026504383E-05;0.00350496513943822;0.161010688762593;0;0.0274581299008311;0.0101531654368861;0.0713745382655397;0.000282781000441922;0;0.000321234150509663;1.84349421962698E-05;0.000500813148530629;0.00321108258321617;0.00542821282608833;0.0182668833336708;1.55526581820877;1.0510861951095;0.39128962953646;0.682761901652796;0.00696695990071234;0.822392445777501;0.0863522952896775;0.613307650659521;1.02072278758085;0.201953138549741;0.0130598814700497;0.0132878908149697;3.46405;1.11124;4.57528
2019-11-29;24.271500767871;0.176901264530449;0.483572682794078;0.50952848249964;0.299093142625014;0.0698827529416365;2.82323302288763;3.12232616551264;0.144949674149689;0.371473772826867;0.224671355346913;0.586339174839785;0.0176075365337986;0.000540045098186587;0.000426571470210275;0.00728638305427264;0.278874770600848;0.000143746552516866;0.0385785829704575;0.0177717552861295;0.0702901981878579;0.000635200241189813;0;0.000317347006249412;0;0.000432557834261914;0.0101132034309172;0.00729895208865702;0.0124643314834295;2.8549686685399;2.26073328528629;0.709828210702289;1.03852544452242;0.0133549923593133;2.20992954806699;0.273893782760458;1.48595185069776;1.65999147553276;0.194599356326424;0.0284495586800172;0.0305863555150972;7.96302;1.44736;9.41037
2019-12-02;9.36715801019224;0.154159651138669;0.282480781989218;0.399870103131964;0.294803066040243;0.0468240100301082;1.67085228840578;1.96565535444603;0.201146690835227;0.244421221915034;0.118530811210761;0.486632586904751;0.0100359941746871;0.000663674768803024;0.000185702658081863;0.00364707833492046;0.124093761997912;0;0.0202214521763909;0.0016876556766099;0.0478718665827321;0.000119016658826151;4.22118887227884E-05;0.000367772797021653;0;0;0.000795955970711498;0.00539598851207978;0.00464080225954615;1.31261043161194;1.16492897639198;0.411899382112288;0.642889258667907;0.00530797908387877;0.642663788380001;0.085100181779484;0.408369442085191;0.595608582634379;0.108004131302572;0.0138007481514588;0.0164945480827861;3.08051;0.56888;3.64939
2019-12-05;8.78301400512637;0.167019962006914;0.380956096184744;0.398608878559932;0.284334069137666;0.0600757836111907;2.04422336409144;2.3285574332291;0.230667756936541;0.280090580829355;0.168992914061461;0.446495209155912;0.00949952850029607;0.000433032086056658;0.000516414171612517;0.00346819702571064;0.129706048203517;0.000111738124681074;0.0330784196644541;0.00471403391423459;0.0478573465469877;0.000142710406697261;0;0.000301077205527284;0;0.000117503119385984;0.00389413844721713;0.00516271472296855;0.00982129921442636;1.5519302101913;1.14731582183574;0.413749129703719;0.742889030851776;0.00794254441847118;0.766381849698213;0.0987259620353732;0.614361694291313;0.542624459388515;0.110874173762347;0.0143046153739987;0.0168226567275178;3.54434;0.6157;4.16004
2019-12-08;13.5364062052467;0.189748050715912;0.481821534377475;0.605885202068108;0.291810522072504;0.115597222456447;0.01;0.18666337589014;0.0575303370202561;0.210190296121118;0.180276133474538;0.358961955392185;0.0108784582874784;0.0010787838217893;0.00236851772036804;0.00402707264434943;0.156348265737374;0.000110016370691405;0.0166568284907714;0.00350318755936212;0.0384815271817754;0.000218026808448692;0;0.000291624059412251;4.68786817130485E-05;0.000125224108600302;0.00197417542279517;0.00416621110091436;0.00747141062788518;1.84902217398506;1.53229586676795;0.545033947128586;0.985348901640373;0.014784196070869;0.968023343626282;0.141720615492375;0.742243174098521;0.458870354436727;0.0729645182119179;0.0173666485411297;0.0193205696388823;4.80962;0.46884;5.27847
2019-12-11;23.4334704991551;0.181728385688888;0.378259939943068;0.626197460184187;0.317876792008079;0.100965128513756;2.56289798451361;2.88077477652169;0.25392783727298;0.573693974899553;0.25634670672111;0.775773484986129;0.0275797311064176;0.000701201350117015;0.000569704415235949;0.00752075881254647;0.291897054367834;0.00014940328842181;0.0193995250940349;0.00287469089310431;0.0329977301896472;0.000209222137365228;0.000264328762931993;0.000230052121054992;0;0.000152945036085388;0.00141003744908224;0.00638950102426163;0.00628670151785632;1.83914541544102;1.4688681846003;0.521842631883314;0.921726926226504;0.0102537868313316;0.930195644269849;0.172636694465127;0.661597404721537;0.436228941987493;0.0905393111207292;0.0210578402485378;0.0237823401442223;4.63112;0.46037;5.0915
2019-12-14;12.6568943962613;0.132261077279535;0.437597698518854;0.450010990216302;0.234148802131568;0.0951433203904085;2.30996138033931;2.54411018247088;0.117942363210626;0.146989835078087;0.13133466584783;0.253779535784213;0.00540004027073585;0.000738942803270769;0.000156780911598327;0.00159789568536201;0.0670966007165741;5.99229715058128E-05;0.0142472162979287;0.000969048610957057;0.0144009636608709;0.000265719904318799;0.00119156765819248;0.000108816210040917;0;0.000118040047913306;0.000932679846206684;0.00261079883299621;0.012825320836549;1.5055316287192;1.21264864517865;0.416095345190958;0.671182668856711;0.00876041582165217;0.940108861162882;0.137734831396255;0.691682203134537;0.417921710846748;0.0585199672954173;0.0127060209469228;0.0141319101952601;3.97758;0.3814;4.35899
2019-12-17;4.1928503344453;0.134245153432328;0.375573762120106;0.646351326961182;0.307774308841232;0.122613409569415;2.53266730161723;2.84044161045846;0.135909570508543;0.14780678051377;0.0963773090669903;0.275759415074996;0.00638195990073905;0.00129471121509871;0.000736349740515422;0.00221255929376261;0.0836833150766359;0.000114338455297696;0.0251300632694312;0.000686013668400662;0.0346330404335148;9.82225025445771E-05;0.000549565491483987;0.000160330831539717;0;0;0.000391834938676132;0.00268622473793125;0.00205527566087297;1.24270803469888;0.944762825780996;0.412291309810403;0.766373010732009;0.00603359695939449;0.193035166806911;0.0328259356784064;0.173499106682022;0.464440572626105;0.100378290373984;0.00644558237467546;0.00867827625837356;2.51336;0.57809;3.09145
2019-12-20;11.0904196129787;0.164882241769012;0.313234918193518;0.530579108350921;0.298805735617794;0.0716098536212387;3.98067056636154;4.27947630197934;0.197270043244346;0.144077106510896;0.0794316759304998;0.286681822699138;0.00499026089005568;0.000133641937765642;0.000105600989338639;0.00100142234244467;0.0397635911866098;0;0.000456433381071286;7.2305776496411E-05;0.00766563956592788;0.000120618855203983;0.000562445672059681;0.000125310730222167;0;0;0.000559514442668975;0.0019043001614765;0.00628352051696309;1.05122870977241;0.782611554367266;0.301297413417054;0.553773651461014;0.00411555633640389;0.396932601955938;0.0420815720029696;0.26084908755962;0.765545033445291;0.170782710815881;0.00807677789965267;0.0105203886606194;2.08509;0.84646;2.93154
2019-12-23;8.80223278943594;0.173005735612371;0.40662598198255;0.475370252943347;0.296052251674562;0.114870134717932;4.02088430965323;4.31693656132779;0.0969268955788927;0.0773064684219397;0.0769871233239361;0.143576016455135;0.00391790475879113;0.000263672956157663;0;0.0015753374487994;0.0366607465525475;0;0;0.00110571142154398;0.000642669353912549;0.000172641327889986;0;0.00011507086449135;0;0;0.00115776961708148;0.00145877075268926;0.00269020742454052;1.32447432349677;0.948516554363547;0.353780963574144;0.650391382643931;0.00611060962964145;0.479475610894476;0.0776772245394712;0.380217088231433;0.272375203438092;0.0580637170755989;0.00977438585952399;0.0134122666103831;2.73727;0.31728;3.05456
2019-12-26;11.0368119772845;0.156524006453918;0.513209295752595;1.07379865667047;0.374131654781951;0.214397696797663;1.88715849879885;2.26129015358081;0.180340498589414;0.12147386297326;0.095726999978308;0.226895754087836;0.00364976588681814;0.00117569471141734;0.000989533036161757;0.000795684704938278;0.029225066150363;0;0;0;0;0.000186191119948254;0;0.000179245500417665;0;0;0.000536980409441703;0.00245556434516007;0.000752470845438773;1.58518711703125;0.975180050975267;0.494259882648891;0.989975235749318;0.00695245213047579;0.58628086410448;0.0839381333086245;0.453718138958119;1.11405982130605;0.177329884517928;0.00972212621420825;0.0123080992036915;3.51679;1.24866;4.76545
2020-01-10;22.1800273480396;0.21997098199372;0.563028249774721;0.801454588064221;0.431835775692714;0.148365116585285;0.799711057585916;1.23154683327863;0.286415073660089;0.357403363401361;0.202100572993926;0.602747694006009;0.0144269021902901;0.000702188802307391;0.000871671468594806;0.00410886491127157;0.158454532039164;9.07372572341044E-05;0.00621853836668074;0.00358290927566921;0.0195310168491372;0.000471038425508504;0.00152703360861211;0.000205657366191893;0;0.000264045403457772;0.00327716163295274;0.00563847259498951;0.0192787821010144;2.34132726687587;1.51148168773195;0.543091168108869;0.963740037905609;0.012195237055399;1.62176054879993;0.209865616061608;1.35537946098304;1.02321357544695;0.131569368917133;0.0228245476577666;0.0267472693827433;5.68243;1.12896;6.81139
2020-01-13;21.1178746044395;0.269216208327049;0.551666082067093;0.73812166880764;0.433663927146407;0.0645124848335172;1.41936574921846;1.85302967636487;0.25589136879904;0.234897509600004;0.352659293359605;0.572390990693061;0.00780455613780429;0.000491230620864885;0.000540679141222994;0.00264341408318057;0.0689504366123947;0;0;0.000453946683949337;0.0091967370424583;0.000131640856510244;0;0.000147683434983168;0;0;0.000908937420310968;0.00501130676571613;0.00304796961972768;2.17022564823586;1.56819901793542;0.630218722264649;1.00173743376218;0.0131404804357574;1.66540803328305;0.246777208376121;1.33036807193282;0.905086545037212;0.147369539454421;0.0183831444325475;0.025536838044455;5.63922;0.98782;6.62703
2020-01-19;17.3660072271326;0.168971253608545;0.456148675276085;0.687393878102189;0.357598101825603;0.23292149111126;0.01;0.177052022972214;0.238728556070352;0.184134847421022;0.113363375260165;0.351857790113263;0.00623344409914163;0.000626138401566949;0.00102896434634265;0.00140068841436675;0.0523988058448114;0;0;0;0.00549312400103898;0.000146106955050941;0;0.000224594029687549;0;0;0.00106388881262888;0.00350510712099078;0.000710199667870138;2.19387197953404;1.43719644108261;0.502708365566175;0.869904774804006;0.0110390864975012;1.48676994469267;0.179136137393339;1.05530388728222;1.32874329271077;0.167155547648201;0.0185303845121935;0.0229787675159692;5.33895;1.26834;6.60729
2020-01-21;14.1499730724099;0.277221645981841;0.59464874616657;1.63919151767739;0.430516697156877;0.297085626298996;0.222465089307127;0.652981786464004;0.238728556070352;0.184134847421022;0.113363375260165;0.351857790113263;0.00623344409914163;0.000626138401566949;0.00102896434634265;0.00140068841436675;0.0523988058448114;0;0;0;0.00549312400103898;0.000146106955050941;0;0.000224594029687549;0;0;0.00106388881262888;0.00350510712099078;0.000710199667870138;1.75989437503291;1.25846299473077;0.473416967941414;0.935920030002428;0.0088003322732803;1.01444958046952;0.125255968678555;1.0639006803821;0.915766800949869;0.0956605653871585;0.0110552215744141;0.0142026705977139;4.14608;1.19261;5.33869
2020-01-22;12.5561220875515;0.277585493230095;0.383450193335362;0.874885255152543;0.435630738771851;0.197556683795696;0.443537512755167;0.879168251527018;0.142021060073474;0.092072908102443;0.0817978151372297;0.373514367869671;0.00351672396215382;0.00155612004946743;0.00021618277898027;0.00105213499026657;0.0382066612163576;0;0;0;0.000402819836797491;0;5.37165145091547E-05;0.000194633268111223;0;0;0.000338498358614262;0.00599692459429712;0.000503904556152177;1.55755677902292;0.857919224953768;0.405171563285979;0.699754014987083;0.00359693615130193;0.38355661840669;0.0345539019640986;0.253534048216403;0.810493034743141;0.205441693495607;0.0100747519253026;0.0130388958655985;2.50802;0.92343;3.43145
2020-01-25;19.5877075989457;0.263031340263726;0.630996111711838;0.855610244390922;0.381600053998337;0.189865616919405;0.760796601390243;1.14239665538858;0.274067327371568;0.410831837060396;0.218131873293741;0.729767290691945;0.0212140441679594;0.00052545080774972;0.00382286975146306;0.00703548946973872;0.424201165575185;0.000124596863735057;0.0665899591601062;0.00339768410882268;0.040984113258784;0.000247359112385009;0;0.000268874057228286;0;0.000113483772037076;0.00212312875970135;0.0066149960397339;0.00514700248501216;1.97127953548346;1.3270763067253;0.524690936815402;1.03674896215862;0.00892149712300504;0.860427246840933;0.114955189035144;0.646548775841231;0.519347037797755;0.114109062939948;0.023528406459081;0.0264675999229041;4.5135;0.56703;5.08053
2020-01-28;23.149799906302;0.369460160291832;0.656374533890641;0.72194459598482;0.39338722892847;0.134733102315436;0.164507749902327;0.557894978830796;0.167423279957653;0.303957337727717;0.14835775654915;0.424446661634403;0.0150403185593567;0.000875543826260731;0.000732597222841295;0.00386124336331542;0.150861741632599;0;0.014943736431011;0.00491582781638767;0.0570493440715297;0.000289097615488851;4.33461779744169E-05;0.000145396158782787;0;0;0.00168772001259373;0.00397156985320063;0.00324637608507255;2.20886346654426;1.56091858056149;0.567198831607022;0.946275820439734;0.0120948914272384;1.08246558458718;0.156447118453012;0.86608647617788;0.935998145288009;0.203348742378409;0.0238643545755158;0.0274440103632923;5.24847;1.11446;6.36294
2020-01-31;NA;0.266085858390534;0.799330651224075;0.640369154432603;0.47103797370181;0.132541578384631;0.3275658592648;0.79860383296661;0.205658544381684;0.204638413646127;0.11957744602787;0.382230105899289;0.00859227493202798;0.000594112372532158;0.000359571625369364;0.00328370373134637;0.125591357669584;0;0;0.00195752569101241;0.00353488897074994;0.000194756295472945;0.00139026533072133;0.000266878872084;0;0;0.00167957336168373;0.00600231472944067;0.00152718396681417;1.9827843093807;1.21416445995712;0.476079154010762;0.886330613201159;0.0084512180698394;0.608505908323589;0.0763181685584012;0.472055444745119;0.980984094274619;0.246904178755473;0.0178394211297232;0.0195480367796855;3.68637;1.18369;4.87006
2020-02-03;20.235580326578;0.294102761154926;0.524507399713135;0.970320174889226;0.473743985351114;0.155442870753565;0.498865978936013;0.972609964287127;0.218795052008364;0.233750330260786;0.148858134092193;0.404846728789088;0.0098391382300516;0.00240210892940246;0.00257051598688977;0.00299710048152421;0.136879120420858;0.000127957168920858;0;0;0.00611885499900506;0;0;0.000230957134425767;0;0;0.000400795776492446;0.00634098679446786;0.000631254073210936;1.82867839462903;1.20772864346051;0.514677104908492;0.967614683891177;0.00827259049947083;0.467166172908233;0.06598914027403;0.413943204695431;0.810609706845313;0.212805922563892;0.0212474995566089;0.0180255408476171;3.57472;1.05502;4.62974
2020-02-06;29.6907552865914;0.260637640529792;0.867049623347217;1.33957335564919;0.542481718192412;0.147271316774502;1.22700977240819;1.76949149060061;0.221467333525958;0.301218218988292;0.22496733755068;0.611986100850543;0.00991141805305797;0.00653038274784007;0.00299313160298915;0.00672919703906581;0.302856943617452;0.000644160914280178;0.147321731543954;0.0102637734336476;0.104106793837674;0.000778209545985074;0.00233218345874671;0.000608621881038898;2.74777277820864E-05;0.000257010532823552;0.00164407872190265;0.0107794562776514;0.01523942155271;2.8855880468079;1.80973701382953;0.724616026389696;1.39473971045054;0.0213316305463288;1.29038888102472;0.180581944266061;1.17122273004347;1.44197945224212;0.288655745381041;0.0376600258888513;0.0259470221652156;6.56773;1.83322;8.40095
2020-02-12;16.6120979908075;0.259977743137373;0.372890229317314;0.517140537390922;0.429755858891058;0.0444716619653141;1.11347154224501;1.54322740113607;0.388017068370521;0.31540967635673;0.150667670220477;0.732273811140793;0.0106254892209641;0.000401807524363804;0.0017257123798378;0.00349119201225685;0.151205714641502;0.000179692054711991;0.0804709359072866;0.00400089035533432;0.0357292853558994;0;0.000601179603749335;0.000253300076476913;0;0;0.000278279179261613;0.00696802899477337;0.000455140789734633;1.47868192982088;1.13896212150202;0.466635939497346;0.757686977880167;0.00644198986553904;0.435514872838315;0.0558185104515498;0.246809949193036;0.837894437053709;0.28698620660047;0.0182371876610361;0.0181827456262088;2.82625;1.00743;3.83368
2020-02-15;27.7256996942051;0.225253519335844;0.658995068261004;0.836822273171853;0.442280783256825;0.116450384832154;0.414942053190186;0.857222836447011;0.177180035423996;0.238793790636468;0.299870187184087;0.60005302072876;0.00811873254176231;0.000412868237359169;0.00179925486429547;0.00366704196235301;0.173974979297851;0.000245664260348921;0.0951265706414091;0.00455280541985192;0.0503205865009459;0.000522624524911305;0.00244472633848151;0.000596574569264124;0;0.000175178415298593;0.00123135389228909;0.00725618454402095;0.00355900610403921;2.85709484079209;2.31637407183816;0.764738225651014;1.20629139259181;0.0158841598885271;1.44813408519163;0.210055322621678;0.98462943824794;0.790985746907873;0.140696347326309;0.0233834417754925;0.0310523085698325;7.10418;0.71101;7.81519
2020-02-18;19.7030363121103;0.172964321442006;0.425938744747089;0.531976330300912;0.280307624080022;0.0641562693170222;1.1642895931638;1.44459721724382;0.274297346497666;0.271736642145386;0.13773142389896;0.60187255593524;0.0108672296768639;0.000342379963019694;0.00203238533063615;0.0040499971277089;0.165538188326381;0.000154540834541609;0.0406094723527363;0.0167584789692166;0.036756082580314;0.00031124050032952;0;0.000477511283517736;0;0.000351004312815798;0.00430415067442075;0.00510606814019605;0.00851467902910089;1.91817078873314;1.78618718046758;0.495519415136932;0.790887731801214;0.0121897560358133;1.32973545429368;0.159045416716962;0.982978273979449;0.95833562409648;0.146263922150393;0.0186725492644796;0.0229461977327022;5.28903;0.94348;6.23251
2020-02-21;18.9543474958377;0.911658472759661;0.361901079612889;0.752986673465076;0.57759659311491;0.08214900116504;1.74371318519059;2.32130977830549;0.279181199990192;0.248336352137329;0.159325938342106;0.595155630239548;0.0107605866991863;0.000410994458563225;0.00273973834947604;0.00357032889702238;0.17966900664903;0.000130175272163538;0.0518407831211268;0.0122368651787468;0.0370539065954272;0.000138087843622318;0.000687007650865481;0.000402434079084504;0;0.000198897877966634;0.00149617327139919;0.005462476316965;0.00883992263290121;1.77934386629809;1.27084323821818;0.489031836082285;0.711421610825458;0.00731949766712722;0.565997943821804;0.080365865341308;0.499044698312536;0.714431515703229;0.155920183350565;0.013970208010515;0.0190046858697771;3.34521;0.89545;4.24066
2020-02-27;24.2778067970624;0.271432121004195;0.684441747457953;0.587687427455;0.432301908105779;0.042223925783814;0.704040793744877;1.13634270185066;0.253086011974398;0.313043823712046;0.344357539599347;0.625092126957538;0.011321126198881;0.000440182850818359;0.000472402317004151;0.00704626817024968;0.194115136788267;0.000240450833958131;0.0750417087534399;0.00961062339017951;0.0817940603630153;0.000265197325928477;5.47549068185447E-05;0.000314637408135026;0;0.000313233410668483;0.0039176946395495;0.00636051844279813;0.0090596222959829;2.66475087438752;2.1552622597966;0.704042334607577;1.07973652604245;0.0179790273949516;2.36900340724272;0.334335264616372;1.99871000568265;1.19761283167272;0.164458364761917;0.0311435102224671;0.0336840215697495;7.56419;1.3704;8.93459
2020-03-01;19.2000587878565;NA;NA;NA;NA;NA;0.205783895596541;0.205783895596541;0.277060195531122;0.300607158060022;0.26835849269752;0.664227575857321;0.0127752381798157;0.000375448296755827;0;0.00472045671290937;0.155201890506299;0;0.00380597155106529;0;0.0262747441124738;0.000268858453742794;0;0.000252318121292104;0;0;0.000709134220181681;0.00670125202498348;0.00296757494593909;2.86327879926523;2.26213456714065;0.724083409309888;1.21466385419668;0.0162282558801833;1.50703198579056;0.246258269358942;1.23957511660209;0.771969657923121;0.148409712021033;0.0294623640330555;0.0338138518609431;7.00404;0.93966;7.9437
2020-03-04;20.5425343122927;0.326851317205915;0.52166018031504;0.938707335841428;0.46619218795487;0.0510975703123591;0.00117317368046949;0.46736536163534;0.0803513838638435;0.119734831002545;0.103397133307858;0.295502071075752;0.00726382972439828;0.0029030319565065;0.000959270520989904;0.00304950368313148;0.149530088004426;9.95602287091056E-05;0.00471821203028142;0;0.0221568322409309;0.000165755277729953;0;0.000252874081850252;0;0;0.00045187249982387;0.00392761776113293;0.000454186844633584;1.75890535049642;1.32078960004539;0.512831585342901;0.948424579650909;0.0111611412743195;0.695656841490704;0.125839591691546;0.713714224582704;0.883508554623626;0.200083890734883;0.025625253845208;0.0198904243334477;3.80911;1.25229;5.0614
