Filtro,Cl,NO3,SO4,Na,NH4,Mg,C Orgánico,C Elemental,C Total,P,S,Cl,K,Ca,Ti,V,Cr,Mn,Fe,Ni,Cu,Zn,As,Se,Br,Sr,Ba,Pb,Hg,Pb,Zn,Mn,Mo,Ni,Ti,Sb,OCPk1 C ,OCPk2 C ,OCPk3 C ,OCPk4 C ,OCPk5 C ,OCPk6 C ,OCPk7 C ,OCPk8 C ,Pyrol C ,ECPk1 C ,ECPk2 C ,ECPk3 C ,ECPk4 C ,ECPk5 C,ECPk6 C,PM2.5,23Na (KED),25Mg (KED),Al,39K (KED),43Ca (KED),48Ti (KED),51V (KED),52Cr (KED),55Mn (KED),56Fe (KED),59Co (KED),60Ni (KED),63Cu (KED),66Zn (KED),75As (KED),82Se (KED),95Mo (KED),107Ag (KED),111Cd (KED),121Sb (KED),135Ba (KED),201Hg (KED),208Pb (KED)
Unidad,ug/m3,ug/m3,ug/m3,ug/m3,ug/m3,ug/m3,ug/m3,ug/m3,ug/m3,ug/m3,ug/m3,ug/m3,ug/m3,ug/m3,ug/m3,ug/m3,ug/m3,ug/m3,ug/m3,ug/m3,ug/m3,ug/m3,ug/m3,ug/m3,ug/m3,ug/m3,ug/m3,ug/m3,ug/m3,ug/m3,ug/m3,ug/m3,ug/m3,ug/m3,ug/m3,ug/m3,ug/m3,ug/m3,ug/m3,ug/m3,ug/m3,ug/m3,ug/m3,ug/m3,ug/m3,ug/m3,ug/m3,ug/m3,ug/m3,ug/m3,ug/m3,ug/m3,ug/m3,ug/m3,ug/m3,ug/m3,ug/m3,ug/m3,ug/m3,ug/m3,ug/m3,ug/m3,ug/m3,ug/m3,ug/m3,ug/m3,ug/m3,ug/m3,ug/m3,ug/m3,ug/m3,ug/m3,ug/m3,ug/m3,ug/m3
Método,C. Ionica y TXRF,C. Ionica,C. Ionica,C. Ionica,C. Ionica,C. Ionica,Método Niosh,Método Niosh,Método Niosh,TXRF,TXRF,TXRF e Ionica,TXRF,TXRF,TXRF e ICP-MS,TXRF,TXRF,TXRF e ICP-MS,TXRF,TXRF e ICP-MS,TXRF,TXRF e ICP-MS,TXRF,TXRF,TXRF,TXRF,TXRF,TXRF e ICP-MS,ICP-MS,ICP-MS y TXRF,ICP-MS y TXRF,ICP-MS y TXRF,ICP-MS,ICP-MS y TXRF,ICP-MS y TXRF,ICP-MS,Método Niosh,Método Niosh,Método Niosh,Método Niosh,Método Niosh,Método Niosh,Método Niosh,Método Niosh,Método Niosh,Método Niosh,Método Niosh,Método Niosh,Método Niosh,Método Niosh,Método Niosh,Gravimetría,,,,,,,,,,,,,,,,,,,,,,,
1,0.552502740490462,0.527409604940448,0.686362022470525,0.557267783081888,0.178875398900435,NA,4.16008114399339,1.24597998166768,3.04711942909244,NA,1.01674048131576,0.346810034571455,0.174909257396581,0.810934495887351,0.014835010009927,0.00411354469403,0.007808701466176,0.005643525199172,0.410657349225306,0.002726845833124,0.006933349535452,0.028957237776843,0,0.000639111278189,NA,0.004163867329967,NA,0.008707401725784,4.19355387840135E-05,0.004975579780026,0.016671943707548,0.004977420709929,0.00064037680561,0.001847192811564,0.003744354717856,0.000813671943196,1.49966837891859,0.634478056321062,0.630585942282382,1.28540638419397,0.009946788593833,0,0,0,0.099996093183925,0.023581591028315,0.090183991077619,0.652675754821692,0.511206889828953,0.026455762298825,0.0069087683461,22.2051030552931,,,,,,,,,,,,,,,,,,,,,,,
2,0.557869205504105,0.658912679184479,0.603011479267973,0.499220769989759,0.131566682701544,NA,6.86685900555487,0.798001013287365,5.40606112566106,NA,0.57577114590777,0.805076414414182,0.398687701519257,1.04685903300759,0.018253893170914,NA,0.001733541812673,0.005000296765889,0.256911439940549,0.00184588058697,0.006767653305458,0.238677311619441,0.003725575900835,0.000558836385125,NA,0.003042077404622,NA,0.022858414416317,NA,0.029494540656757,0.022228699826628,0.004293526740169,0.000286537582478,0.001166935226227,0.005484505392253,0.002881530394359,2.1898261479691,1.33029777180185,0.723732005733198,1.29514915554239,0.030022050519913,0,0,0,1.2978318611995,0.121154300039307,0.351409870844179,1.24277371787017,0.305394594196221,0.023325620991114,0.021203142329503,21.4339386387533,,,,,,,,,,,,,,,,,,,,,,,
3,0.16862025103032,0.434041673298085,0.392573190651153,0.512167959709097,0.122201569150472,NA,7.44443873089812,1.61277223771208,7.66486001884224,NA,0.42841274494068,0.520748438529116,0.141241160070374,0.712466928687604,0.008744991044099,0.001598789494267,0.005659846373451,0.007093139620077,0.228294127440727,0.001726511345242,0.004075899976217,0.027503214567337,0.000435338610569,0.000435338610569,NA,0.002987553449794,NA,0.002589544799836,NA,0.002721437782261,0.016826326010141,0.005367994283295,0.000268192008242,0.002022210151016,0.00455620362322,0.000548367881812,2.73004998284406,1.43147440274053,0.708177513353359,1.31938645892489,0.024179466219395,0,0,0,1.23116881782124,0.118123305173203,0.343107174991334,1.53318876057766,0.764526239373223,0.029880663155675,0.019392124054705,21.7408915915606,,,,,,,,,,,,,,,,,,,,,,,
4,0.090778901736557,0.287819952840031,0.457779559900779,0.288265659085788,0.2454458588282,NA,3.48414873065486,0.697417475992115,9.05721096861019,NA,0.372464547482879,0.297308566050273,0.061223728050845,0.473693723191529,0.002777915053477,0.000851829280465,0.003032577045454,0.005402708876783,0.100900264572326,0.000951760197057,0.00228954315997,0.005103724492853,0.000757539708599,0.00030301588344,NA,0.002744066985129,NA,0.002335478840374,4.88577634283964E-05,0.002616538753137,0.002857097698652,0.002492370224225,8.8827489432699E-05,0.000710111097575,NA,0.000888266305159,1.19943812979001,0.62775796518405,0.40193220640769,0.797765903855062,0.009256816864357,0,0,0,0.447996768299388,0.027212577194537,0.098126912374826,0.563817406975908,0.40231627334103,0.021997715636067,0.007077886417227,10.4176049791776,,,,,,,,,,,,,,,,,,,,,,,
5,0.278472540855643,0.230346235127071,0.475337272256638,0.333181538343361,0.173857483336642,NA,6.70128415114565,2.33329763527107,4.18156620664698,NA,0.284589941285416,0.493359842635649,0.07061722043747,0.705652381964489,0.010807835964625,0.001609368989064,0.00575971999641,0.006311756527102,0.22119757029782,0.001103268138776,0.007137797295003,0.099341664242547,0.00651484149395,0.001818095300637,NA,0.00259255904341,NA,0.046121273997386,4.59441171785217E-05,0.072052263402874,0.143649013305054,0.005738644738607,0.000557089786762,0.002142340159434,0.011971522178627,0.005157295434713,2.14751107572641,1.42167522503796,0.674321640411544,1.18697161222802,0.029314483698555,0,0,0,1.24149007842508,0.100847592261832,0.388108305833346,1.99096899080797,0.9946972885276,0.049142948810282,0.026157389330912,15.3343009271658,,,,,,,,,,,,,,,,,,,,,,,
6,0.098330699454676,0.362595967770242,0.322434015647666,0.306746822540771,NA,NA,6.41995489395091,0.707822683782616,9.03458178641672,NA,0.247622003505793,0.199434435699305,0.131523413008816,0.289611574002014,0.002626407111757,0.000245797513586,0.001365989686536,0.005705724760222,0.119687249345577,0.001103268138776,0.005925733761245,0.025405788683302,0.000454523825159,0,NA,0.001835019334811,NA,0.002183970898654,0.000124061208652,0.004211516245992,0.022032797022796,0.007324955236922,0.000193004158913,0.002021276294156,0.00031562695682,0.003008535234986,1.96510111028477,1.45079190324946,0.639197484229701,0.999942328372226,0.026259542933566,0,0,0,1.33866282337962,0.130747805220098,0.317139121329557,1.18022139955017,0.356324819925141,0.020346316395101,0.01684098530784,19.3607181766876,,,,,,,,,,,,,,,,,,,,,,,
7,0.428171197705442,0.784922474629608,0.499290177854698,0.340845870605599,0.328757766194683,NA,10.1395605755945,1.91390607584043,7.12777757773353,NA,0.343981054439564,0.330185789403462,0.326059610176994,0.359608243076545,0.011413867731504,NA,0.004699164404371,0.003130089750986,0.244984317147823,0.001254776080496,0.010167956129398,0.038435471671201,0.005757301785351,0.003030158834395,NA,0.001532003451371,NA,0.062787147586561,NA,0.071775531421815,0.023803786217849,0.004634105510129,0.000420113294696,0.001140858744247,0.006678805355028,0.011588207419438,2.9999163770445,2.23095018199819,0.931739187321976,1.09087907226872,0.032980775731849,0,0,0,2.85309352088792,0.293850879395678,0.649567401751375,2.81752060840269,0.922480525567091,0.036883867171069,0.021831415760298,30.5445211994954,,,,,,,,,,,,,,,,,,,,,,,
8,0.117996839345612,0.144286113316042,0.374990876474476,0.318980832151816,0.194311304905659,NA,3.83888905974708,0.960616499419264,12.0534666514349,NA,0.36549518216377,0.385789204014616,0.131523413008816,0.80807175056705,0.02035283629297,0.002972940464542,0.000608449977938,0.006766280352261,0.243014713905466,0.001557791963936,0.00213803521825,0.014194200996039,0.00030301588344,0.00015150794172,NA,0.003047082868569,NA,0.000820399423177,2.10046265380796E-05,0.002165246099318,0.016333067149536,0.007728251184241,0.000237133302328,0.002130045413251,0.02167377153103,0.000736180180504,1.02043331595726,0.969572398027349,0.546254150021058,0.713568857422337,0.007709069391888,0,0,0,0.581350549315863,0.057515138933159,0.132199610189836,0.620468438019229,0.664787490134382,0.034823345410224,0.007308259753928,21.0239159542555,,,,,,,,,,,,,,,,,,,,,,,
9,0.168578151145097,0.420521049758434,0.298364833808839,0.315539113135943,0.163381135703731,NA,5.6838583881451,0.863369996668138,4.79950555916634,NA,0.337011689120454,0.235341817886889,0.120008809438114,0.631716506405244,0.011716883614943,0.001912384872504,2.41821105854316E-06,0.002675565925827,0.108172645774875,4.27125467380035E-05,0.005016686110926,0.018890947189352,0.002727142950956,0,NA,0.00259255904341,NA,0.004456590024451,0.001128422356176,0.008128735412411,0.020332894810314,0.001639166580913,0.000167737755832,0.00015135080402,0.002132349275382,0.006031044366546,1.75849385950027,1.1142480008192,0.525958778199097,0.862482696679339,0.015661789469474,0,0,0,1.40701455171752,0.133828706207851,0.265578828190003,1.30070381465453,0.506357634301232,0.022847846738657,0.016202728203996,14.4347161795852,,,,,,,,,,,,,,,,,,,,,,,
10,0.233712406463874,0.218008944937378,0.327433894000659,0.342552269109268,0.094536565544602,NA,6.2160870833805,1.01370603754129,6.54722838481324,NA,0.300801291049431,0.428059919754431,0.113039444119004,0.070076566450074,0.001565851519719,NA,0.000153926152778,0.002524057984107,0.202259077582849,0.000648744313617,0.006986289353283,0.011618565986803,0.000757539708599,0.00030301588344,NA,0.001986527276531,NA,0.003093018548973,NA,0.004188899169432,0.010512545850921,0.004323822498996,0.000318297682368,0.00104340181945,0.000826433181327,0.002616911671575,1.95343130300757,1.39700954616637,0.640029308268934,1.07747343513776,0.031744040301634,0,0,0,1.11639874664711,0.096354513153363,0.310741105282434,1.2816352178082,0.378402671831173,0.020427178895679,0.017679296250721,16.5828625164826,,,,,,,,,,,,,,,,,,,,,,,
11,0.150752291137622,0.351902445967774,0.446602307716576,0.31449792082862,0.066599638523506,NA,5.50534560816048,1.31662142799818,7.22979312092179,NA,0.300801291049431,0.275642930384347,0.130159841533338,0.429756420092797,0.009444264489147,NA,0.000911465861377,0.006917788293981,0.181957013392401,0.001254776080496,0.008501368770481,0.020860550431709,0.001515079417198,0.00015150794172,NA,0.00259255904341,NA,0.004153574141011,NA,0.008003754451555,0.024354698987071,0.005849151032297,0.000241302879859,0.00186103324041,0.007195144819344,0.003644305930013,1.43128977446544,1.14124556079812,0.529888744899044,1.04450653690382,0.02344790833602,0,0,0,1.33496705344404,0.113857175241482,0.329378502702589,1.59710582430553,0.54967111233352,0.020863084321437,0.01584759386958,14.5432867525685,,,,,,,,,,,,,,,,,,,,,,,
12,0.301787951243547,0.34846826595546,0.681964150293959,0.354352448592262,0.059365969919829,NA,3.38884672297688,1.72254210301627,6.82196703615866,NA,0.596544793286412,0.217615388705677,0.085010474900848,0.654745713546648,0.015353074216217,0.000851829280465,0.002123529395135,0.003433105634426,0.448762498760907,0.001254776080496,0.003198590810289,0.044798805223432,0.002121111184077,0.001666587358917,NA,0.00228954315997,NA,0.007941272684006,8.02338050883398E-05,0.012459956034112,0.058276403835793,0.003560773062105,0.00039586931151,0.00179981177211,0.00580014121683,0.002553854194168,1.45985011715998,0.57037124740046,0.312528931230737,0.602384967955493,0.005376135502331,0,0,0,0.438334812151371,0.04308089574414,0.135185855338641,0.870576398165803,1.01648137006434,0.060487370731022,0.010200227308896,13.2895551359688,,,,,,,,,,,,,,,,,,,,,,,
13,0.126918793653452,0.309724319817818,0.336581450327924,0.320559685328854,0.026375079747864,NA,3.6692184277218,0.840715928713726,5.11138882599315,NA,0.194075073577445,0.399794564708073,0.085640087133366,-0.074307512996194,0.002606597920036,NA,0.001051761053066,0.001004119708563,0.078960664047312,0.000492751271885,0.021926895525045,0.040421282338239,0.003022683667708,0,NA,0.000465841484318,NA,0.008827894834262,NA,0.014028823077856,0.034601555984743,0.001637017503445,0.000114812839321,0.000272385291354,NA,0.000558097581199,1.10999740990517,0.510419511147244,0.407569099570813,1.04725872361544,0.008439122959582,0,0,0,0.585533006312502,0.031806088713067,0.09731082356031,0.647928244345725,0.594239018720907,0.021360134045092,0.008800937821423,NA,,,,,,,,,,,,,,,,,,,,,,,
14,0.140740285648087,0.404489341778338,0.482209728823062,0.332533593373682,0.16590268337904,NA,5.36634426987641,0.661684249814664,4.50993435643553,NA,0.486029174156398,0.21004613938829,0.158463830718934,0.787834591992087,0.00609568444568,0.001758039107641,0.002721250394239,0.003578532526554,0.091493078280181,0.001402635392461,0.002889291175605,0.034279690014137,0.002118273360934,NA,NA,0.001678849255071,NA,0.011561652556342,NA,0.020814091636613,0.046062681835836,0.005439933637853,0.000342158105561,0.001463718072968,0.012296131745416,0.001815339644955,1.47918101364946,1.1957871325881,0.524731617425202,0.918413027077563,0.023980319347307,0,0,0,1.22425082202711,0.129883347267795,0.332365496165447,1.07491492747093,0.294237752686054,0.016511334362523,0.013190547195802,12.4998901174102,,,,,,,,,,,,,,,,,,,,,,,
15,0.438002775131967,0.363493751535459,0.571451069115004,0.398130351703314,0.03010455851578,NA,7.41679189544256,2.39385032045403,6.02802851969108,NA,0.645299289432575,0.225201534892568,0.158463422925228,0.709639027934825,0.004419280206903,0.000999844916809,0.001958052231913,0.004328572097172,0.202868524422334,0.000794819780308,0.006510423661939,0.050390028486472,0.000906719446735,0.000302239815578,NA,0.003034665782789,NA,0.004444560972601,NA,0.00682533503388,0.060020972872715,0.007272386462683,0.000672817402364,0.002743599538609,0.009120746024683,0.001542650796564,2.5857816879049,1.11977072781722,0.535498973917695,0.909801336970606,0.03330951910018,0,0,0,2.23262797305289,0.171633968551941,0.595289745578943,2.95005618338329,0.845190516992504,0.022967184440299,0.016539286728785,21.4960628212319,,,,,,,,,,,,,,,,,,,,,,,
16,0.136261730387603,0.374998842776664,0.500167626239675,0.291015102300937,0.109699716257377,NA,4.75410898499348,0.753780788195396,9.81064221589659,NA,0.269648676906486,0.16146505412193,0.138294112741985,0.489245818413204,0.007649602962129,NA,NA,0.001012520881527,0.044221301783034,-0.000258395936523,0.002752241557322,0.011058039338464,0.001062462992217,0,NA,0.000930876427808,NA,0.002188330670491,NA,0.004411778953139,0.007771870225177,0.001932083588311,0.000238440453353,0.000180396937348,0.005704237762523,0.001761073480236,1.27419299128411,0.974028955666775,0.666140526152036,1.4351375682666,0.017709297786648,0,0,0,0.386899657520845,0.03347800122889,0.121515319601482,0.67718438217454,0.268319737066549,0.011102233898286,0.004171327432464,14.3337834178004,,,,,,,,,,,,,,,,,,,,,,,
17,,,,,,,,,,NA,,,,,,,,,,,,,,,,,,,,0.013082718776533,0.044923620843867,0.017107274683057,0.000715265826022,0.001228789124608,0.060657349248137,0.002406620266801,,,,,,0,0,0,,,,,,,,NA,,,,,,,,,,,,,,,,,,,,,,,
18,0.164494489987144,0.657466782848565,0.426127497528945,0.279547194215603,0.225120593826741,NA,6.0019643946842,0.66913018095691,6.67109457564111,NA,0.200614313169128,0.235481464713564,0.137323902329078,0.242052526237377,0.007683645316189,0.000843182676876,0.000428840574551,0.003401761696413,0.093485095479577,0.001386829164139,0.006472320128443,0.028732863206237,0.001955552511523,NA,NA,0.001508225291499,NA,0.006829918295876,NA,0.014849284939639,0.034590329429946,0.008128183502551,0.000300665884128,0.001476069794703,0.004427312329268,0.005868102978871,1.78574802220171,1.1988436232439,0.520888843804627,0.824245401379617,0.021514649067227,0,0,0,1.65072416074479,0.210739121108623,0.413476841047757,1.31424215426554,0.32217341400931,0.020730024478153,0.013805450527863,17.4732269734027,,,,,,,,,,,,,,,,,,,,,,,
19,0.695866761386099,1.49487541476535,1.44522925837089,0.343185850655757,1.50726120958036,NA,10.4764869085217,2.14030395153845,12.6167908600601,NA,1.2400868000852,0.201884464328508,0.288072846298825,1.16168017738704,0.006231129758925,0.001150758416618,0.002561706231148,0.004630048203224,0.295913617729521,0.0013989278771,0.022676909986096,0.137565471278785,0.005288474344689,0.003324183873804,NA,0.00409170014619,NA,0.066243521307225,NA,0.064827420953708,0.143871459421215,0.006174498065502,0.000763397365292,0.002792179692115,0.010804010475469,0.014059233551754,3.11953549903013,1.80239914337149,0.738697209387677,1.24336010474797,0.037586125637195,0,0,0,3.53491151941818,0.298929064495977,0.720583828241211,3.62076893020899,0.966020589787252,0.026550984145032,0.017562595158618,38.9387293659755,,,,,,,,,,,,,,,,,,,,,,,
20,0.188558314085459,0.362583303143747,0.532472855684101,0.255412928480856,0.090534180199682,NA,3.23403198418468,1.18359612241371,4.41762810659839,NA,0.302877299354763,0.098456213598842,0.070082914799921,0.012851462844766,0.001590886948615,0.000604510677467,0.01183306132731,0.002536575698556,0.120729599802145,0.005191169353886,0.003263739620023,0.0492632802665,0.002170676094209,0.001326524279794,NA,0.000369504827745,NA,0.01423101779253,8.08369315014643E-06,0.029672690061785,0.0862778723109,0.005279161976596,0.00042033208488,0.012001752155774,0.003014608578463,0.004095539190489,1.1602629734916,0.447336103070578,0.262272979551681,0.477890449425934,0.00750278288722,0,0,0,0.878767021158879,0.072525514085584,0.210911355399356,1.18176254551402,0.555457837850727,0.016076328962107,0.00583836519555,12.5860206505143,,,,,,,,,,,,,,,,,,,,,,,
21,0.303600349510095,1.98678575809643,0.918728507897874,0.260116329146052,1.00995889058242,NA,6.64363640047414,0.597042373092481,7.24067877356662,NA,0.895929570908396,0.613432595940754,0.162054264020762,0.774524240777814,0.001282966816697,0.000920155651916,0.000927967447221,0.003022810585201,0.151275064070587,0.001524451971723,0.003604919444416,0.044181846957232,0.001991717630324,0.000569062180093,NA,0.002039998449161,NA,0.011710149613082,NA,0.016306560668471,0.046557021970625,0.004886799565365,0.00103874407515,0.001053097175296,0.001997185487255,0.004080510242174,1.84724522328745,1.11001692368272,0.544212265815909,0.820858492079955,0.017036211514467,0,0,0,2.30426662909888,0.30595954202755,0.685112808480199,1.61077703257037,0.255652584663393,0.012040864835884,0.008417851750434,29.1472678840472,,,,,,,,,,,,,,,,,,,,,,,
22,,,,,,,,,,,,,,,,,,,,,,,,,,,,,,,,,,,,,,,,,,,,,,,,,,,,NA,,,,,,,,,,,,,,,,,,,,,,,
23,,,,,,,,,,,,,,,,,,,,,,,,,,,,,,,,,,,,,,,,,,,,,,,,,,,,NA,,,,,,,,,,,,,,,,,,,,,,,
24,0.156603422484069,0.867166860865698,1.0427779925517,0.312953208189208,0.810413749576951,NA,5.31933297095023,1.12692845879937,6.4462614297496,NA,0.624689011499461,0.251390180780095,0.237931830253778,1.02571290387526,0.014419460625937,NA,0.002873193000845,0.005546153189355,0.131454035907702,0.001856869795931,0.00213315953551,0.045936233306006,0.001361883739145,0.000453961246382,NA,0.002738441197352,NA,0.002634931724888,NA,0.004773828925301,0.055720119962223,0.007087668702282,0.000404471811964,0.002037174913092,0.008723251037903,0.001210615842877,1.70723338623903,0.791506606040501,0.536711608777812,1.23348894598312,0.02777616853092,0,0,0,1.0226152218441,0.079668410832429,0.298818584975497,1.32629225758488,0.399840336412965,0.012338353674413,0.007751721605876,19.0770242949913,,,,,,,,,,,,,,,,,,,,,,,
25,0.158097594351083,0.543295957693767,0.69063509711048,0.28947703321135,0.263388266037428,NA,2.38502583589808,0.959913773675566,3.34493960957365,NA,0.653578057016602,0.109091563644228,0.082426993854986,0.720630828353475,0.003815309012155,NA,0.002899997497959,0.001166795973371,0.037107736647524,0.000664733676824,0.008126791761355,0.027408152669561,0.001985592605564,0.000992796302782,NA,0.002028185901409,NA,0.009545978815702,NA,0.016539632184789,0.037614309806272,0.001778530513212,0.000114210876203,NA,0.0002838545955,0.002276981617215,0.945353636602902,0.283436316054153,0.366793981566391,1.01085185794006,0.009738862283096,0,0,0,-0.231150153130872,0.011435146548866,0.048122549248958,0.382070491050475,0.255756514503453,0.006756900451819,0.001345797800601,11.9565093074041,,,,,,,,,,,,,,,,,,,,,,,
26,0.127510813314958,0.290227654833944,0.299566393949239,0.261217623805718,0.062045897127311,NA,3.24714803629057,0.495447939157941,3.74259597544851,NA,0.151795057246263,0.110598923674377,0.052472712361582,0.12998066695832,0.000899951901716,NA,0.000541224296891,0.001185235988759,0.01780233548559,0.000556769152441,-0.000325892059821,0.014948059502538,0.000536465166052,0.000134116291513,NA,0.000612921980769,NA,0.002844518535935,NA,0.005324515235505,0.024605806890184,0.001983305866223,0.000134871929954,0.001308623833452,0.001031251606328,0.001733927745471,0.874380985286491,0.592609765024039,0.394328578972299,0.615787273084159,0.009857816031105,0,0,0,0.760182849745326,0.068378942379903,0.177797896239275,0.676432571854599,0.28429504823663,0.016801268364684,0.009914525269077,6.01817380243621,,,,,,,,,,,,,,,,,,,,,,,
27,0.113258177839355,0.50506183342442,0.501400548628427,0.27000923560274,0.259292087667782,NA,4.05112123331711,1.15198949645898,5.20311072977609,NA,0.420598786126462,0.128490414220886,0.328463756940009,0.850004558436581,0.023572982589109,0.000840864042604,0.000721579587141,0.001291434629359,0.080031586431161,0.001381612237027,0.009609262544552,0.017689950080964,0.000750686434935,0.004954530470573,NA,0.002552810056161,NA,0.000810804840048,NA,0.00199842349651,0.004116327113421,0.002145685684269,0.000355110577363,0.000972541867681,0.009723001209151,0.000799208135633,1.35993129928261,0.641697666827496,0.419627839743619,0.787152503054646,0.017468885163138,0,0,0,0.825242457332553,0.057419894518912,0.215227004383561,1.10119427815042,0.550069903361871,0.017645716451201,0.01103488621063,12.5186744030249,,,,,,,,,,,,,,,,,,,,,,,
28,0.446435892257272,3.12157952664919,1.30496011882752,0.297995394822215,1.46073898039681,NA,8.6060249531563,1.27646811273264,9.88249306588893,NA,1.15590802138067,0.17525569981698,0.266936479745181,0.978683164264146,0.008588558585816,0.002438180223749,0.000248954854226,0.000438582563073,0.074363590282432,0.001788490490195,0.02043067707892,0.053183590343606,0.002176544593254,0.000621869883787,NA,0.003173787803832,NA,0.010798034268357,NA,0.015416929870871,0.047596902778071,0.002665349595541,0.000392896797236,0.002624534581656,0.006379277899689,0.004606076480918,2.4102160859997,1.37223018815183,0.69075871637247,1.02713196562163,0.02306618664108,0,0,0,3.0826205576793,0.296006128617291,0.726864543027904,2.60774785869804,0.668953389187325,0.021750505085334,0.012251728228542,31.8547220384613,,,,,,,,,,,,,,,,,,,,,,,
29,0.139553149995586,0.261968493178514,0.307274231404049,0.24678586272511,0.031098285135927,NA,3.55034063848412,0.512094502310738,4.06243514079486,NA,0.1681324858501,0.264890827789869,0.158279250304115,0.87448203726569,0.010064724253542,NA,0.003210723170561,0.004542498478,0.117358565001692,0.000463937769675,0.003999418003386,0.042229270069208,0.000594932232805,0.000148733058201,NA,0.001917155188568,NA,0.001842106645956,NA,0.002832157011353,0.045785507542923,0.006477255160873,0.000261826164216,0.000321945448319,0.011684018081265,0.001730709817152,1.04901455087991,0.69559868875148,0.344487161220085,0.555775985063551,0.011968889963408,0,0,0,0.893494009462782,0.086305769468447,0.205636826702442,0.802966273854008,0.262784921911341,0.015338019919954,0.008147247731487,9.14575854271645,,,,,,,,,,,,,,,,,,,,,,,
30,0.144408989765096,0.27014388078914,0.268273932665017,0.263510134709553,0.067174857247614,NA,2.36126075218594,0.659092295043297,3.02035304722924,NA,0.151003266283708,0.110496295116811,0.072767636728907,0.398535156849122,0.003009271415496,0.000761470442026,0.002687111375754,0.000581719280615,0.03590222860565,0.001202976635726,0.001563942819491,0.005480753207707,NA,0.000420639260744,NA,0.000862877384917,NA,0.00158261396103,NA,0.001729309208141,0.00324695746288,0.000806058726072,0.000281574478335,0.001271646985268,0.006429221638751,0.001346800003277,0.793592523173279,0.430945601652806,0.318169004413903,0.706114704469517,0.006115791487632,0,0,0,0.106321507145884,0.013110471881997,0.054057871765461,0.409478858655108,0.258450524023189,0.006175992878407,0.001128925211679,7.24389026685998,,,,,,,,,,,,,,,,,,,,,,,
31,,,,,,,,,,,,,,,,,,,,,,,,,,,,,,0.001687942194353,0.012003302680356,0.004533714780251,0.000135672971969,0.000241279814585,0.012292825897891,0.001740865480838,,,,,,,,,,,,,,,,NA,,,,,,,,,,,,,,,,,,,,,,,
32,,,,,,,,,,,,,,,,,,,,,,,,,,,,,,,,,,,,,,,,,,,,,,,,,,,,NA,,,,,,,,,,,,,,,,,,,,,,,
33,0.114850583248052,0.484060128505278,0.247322890286996,0.281597808099331,0.242888422292548,NA,4.90168965060394,0.771618213617301,5.67330786422124,NA,0.16698259489565,0.151920690570431,0.064308376071282,0.173479277298379,0.003691883519658,NA,NA,0.000118490260711,0.038938415582475,-8.75847159875823E-05,0.000819536435635,0.002051591271691,NA,NA,NA,0.000511217882447,NA,6.81623843262782E-05,NA,5.96221796536654E-05,-0.001021859309501,0.001668817373268,0.000107391241794,0.000292442696099,0.000211873757968,0.000264194867219,1.59977285948059,0.830833108715824,0.417830904108561,0.693549138894788,0.013477114934098,0,0,0,1.34622580188742,0.119450970436125,0.346780483528267,1.17556489561725,0.412962842614556,0.02472870414758,0.013055785742108,16.7257626628727,,,,,,,,,,,,,,,,,,,,,,,
34,0.186067605413727,1.37136306858702,0.750283692763937,0.264827456174745,1.31840569936757,NA,8.15127160370473,1.58875677465214,9.74002837835686,NA,0.757049516151507,0.368506738054226,0.180125297614711,0.861078298376718,0.006510454208495,0.001147862962895,0.001645266086543,0.003412857251498,0.101947530701694,0.002298574390111,0.006493363422571,0.049503220197478,0.001055668051332,0.000301619443238,NA,0.001667452330769,NA,0.00458575492294,NA,0.005207025151304,0.039086847244129,0.003869263761124,0.000510851311421,0.004121953587811,0.010287963087371,0.001167391010188,2.45386626695289,1.44195959441501,0.634063656547963,1.17706911729296,0.025486032949648,0,0,0,2.41882577372389,0.260364490988398,0.698793771784676,2.24651377601959,0.732576487990984,0.02715705446539,0.017426485071744,33.2753379884739,,,,,,,,,,,,,,,,,,,,,,,
35,0.226685207845076,1.90227703466481,0.828127040688418,0.247393796709229,2.61712263736668,NA,6.15656954524963,1.24084832001311,7.39741786526273,NA,1.06252931865191,0.190142169222391,0.216132066579381,1.07295640760781,0.009422146935769,0.002784602872347,0.001160114165544,0.003831508087433,0.127218213693884,0.00167422404806,0.005387027877856,0.05295032078188,0.0014975414884,0.00029950829768,NA,0.002541699049896,NA,0.004402222445178,NA,0.006283841295207,0.052233573611197,0.002595335048433,0.000412993791303,0.002341183883302,0.008107442054167,0.002512181389816,2.27143201247614,0.891458047234605,0.500090457255593,0.970178485486806,0.023487327230804,0,0,0,1.49992185001754,0.162531919715866,0.393701403021677,1.55058991681105,0.577452971141388,0.02303056399879,0.008886188411832,25.02966752117,,,,,,,,,,,,,,,,,,,,,,,
36,0.128199935790707,0.298592685096229,0.3223936305386,0.254435450811427,0.847105750902415,NA,3.97563863447899,0.730007113105836,4.70564574758482,NA,0.231959607278986,0.23709237886437,0.124219719936538,0.434406614968729,0.009305978395364,NA,0.001020641325408,0.003392184239327,0.076699336776905,0.000780497099082,0.000600378479619,0.018131629524834,0.00045029057739,NA,NA,0.00135086277527,NA,0.000510328126789,NA,0.001267043876654,0.021020827752415,0.00426201430292,0.000361654927391,0.001470420686713,0.00870088677372,0.000380063482779,1.32366483791997,0.711007131586428,0.391376636332618,0.813834987851868,0.016913308275805,0,0,0,0.718842680871968,0.061542428725669,0.174572229904108,0.770744622335587,0.384445357512747,0.024019659536121,0.008892028823313,11.8340939884131,,,,,,,,,,,,,,,,,,,,,,,
37,0.125365622612004,0.206196278994594,0.263200132555525,0.25636747398309,0.02449554572861,NA,3.775842164268,0.614010914343688,4.38985307861169,NA,0.21334016331194,0.159555131727183,0.170630610764104,0.449894503455779,0.014584901001106,NA,0.002529288874962,0.005351506314183,0.143866953503859,0.001684917732989,0.010973379545884,0.028543025382358,0.000601155332346,NA,NA,0.001655471894525,NA,0.001713598661262,NA,0.003553052820806,0.032139880934163,0.005403920485735,0.000167230520639,0.001791176118577,0.015889550030349,0.000637634816019,0.784035565520824,0.800495032685456,0.414688148972415,0.720451814043065,0.007383521364973,0,0,0,1.04878729238224,0.105646013304699,0.707806320777391,0.667913433731887,0.150703162135204,0.014548079726173,0.0161810738594,12.049238440198,4.8722798,0.43021406,0.4936687,0.6043236,1.37142061,0.01751902,0.00148851,0.00445414,0.00567944,0.23587342,0.00114457,0.00634316,0.02478069,0.08481328,0.0002997,NA,0.00203024,0.0025057,0.0003814,0.0010053,0.02031762,0.00039892,0.0109843
38,0.185279630943157,0.407380132611236,0.149158672331244,0.223256982955374,0.083489865937944,NA,4.27638644704226,0.988162156385078,5.26454860342733,NA,0.172579865948274,0.134355588961248,0.04568629572015,0.342221807796536,0.008254512169778,NA,NA,0.001821565799754,0.078455221006502,0.000196699512279,0.019191720500962,0.04717182481398,0.00214987445811,0.002402800864946,NA,0.00148687202241,NA,0.010256289714851,NA,0.022077902189119,0.079603383643107,0.003380501857388,0.000338495229371,0.000207941730909,0.005765046230528,0.004614001274562,1.03474311783241,0.652329364526768,0.296738972509677,0.476873311737803,0.006313830680188,0,0,0,1.80938883259179,0.125221087427185,0.931972167080075,1.50769242453704,0.20462217492217,0.013896699190154,0.014146408457847,8.9221009698218,4.39022657,0.39341297,0.35470685,0.72900461,1.17649993,0.01024936,0.00092435,0.00351747,0.00356423,0.15042671,0.0002626,0.00514727,0.04183357,0.14733163,0.00053221,0.000724,0.00125256,0.00242452,0.00071659,0.00490487,0.01878319,0.00034873,0.03701531
39,0.161951288019205,0.528823994134215,0.116201652874001,0.242761682480904,0.081417363604185,NA,3.43032747856323,0.682230281826963,4.11255776039019,NA,0.098829278111207,0.143228859398795,0.048656821468657,0.1883362815578,0.004259697845484,NA,0.001775659534745,0.000460435860564,0.045058682624005,0.000526519768074,0.004451495091985,0.017116145798566,0.000568424214404,0,NA,0.000472525591154,NA,0.002175646742357,NA,0.003882136808579,0.016852137984387,0.001944897723335,0.000162844674739,NA,0.002780283938901,0.002802990590793,0.858439681078114,0.560369497393568,0.287140575046434,0.551283850746019,0.005513773511579,0,0,0,1.16757919481565,0.081774376426797,0.661068092885488,0.916368428027941,0.17126875718878,0.009241532700768,0.010088326664002,18.3930121823976,4.56975919,0.3898646,0.30109715,0.33998295,1.31071998,0.00898317,0.00096419,0.00331671,0.00268152,0.13370708,NA,0.00349263,0.01542315,0.14041372,0.00062465,NA,0.00085906,0.00630971,0.00025185,0.00301208,0.0191498,0.00045103,0.01132967
40,0.283113171650609,0.924940434063133,0.398246265561974,0.278002445568203,0.459702871651446,NA,6.82082518135996,1.17338352312562,7.99420870448557,NA,0.568417411320883,0.450469336192776,0.322261290812502,0.729125910875071,0.010959585201835,0.000840727141293,0.0029729030474,0.003843220902894,0.088425567258668,0.001081063860431,0.007206039192926,0.064223559123739,0.001501201743232,0.000150120174323,NA,0.001951833091616,NA,0.006064891152711,NA,0.009492822809668,0.071552336022366,0.00510581430458,0.000426508200235,0.000375879378879,0.012045247955675,0.005847169248723,1.72200770509587,1.13054223939453,0.444763948297618,0.690593127395175,0.008404913538014,0,0,0,2.8245143018963,0.195640739071539,1.38937703886464,2.08290845786216,0.299195970128007,0.016955555725721,0.013820305727905,26.919638115147,4.88476795,0.44768498,0.39405644,0.76000206,1.30239937,0.01200974,0.00194498,0.00660409,0.00571492,0.17765864,0.00022531,0.00540436,0.02481053,0.12573602,0.00067147,0.0007716,0.0069821,0.00542157,0.00147071,0.00675338,0.02133921,0.00032743,0.02233553
41,0.12864958661513,0.130907596167137,0.071274444793493,0.234746052646704,0.015929073267734,NA,2.36089751503902,0.425500904034349,2.78639841907337,,,,,,,,,,,,,,,,,,,,NA,0.001597006486844,0.023288029259045,0.007561106231052,0.000114707302,8.02005900138932E-05,0.025673766298381,0.000978520126951,0.571392389029167,0.593578165416845,0.256442403905013,0.499726685280371,0.003859729009376,0,0,0,0.435898022152282,0.042115432921014,0.197654851538988,0.471679248118036,0.12569453527823,0.015906087975867,0.008348646940692,14.0317443781313,5.53558014,0.41695955,0.63516033,1.26697313,1.78585868,0.02740021,0.00152755,0.00512725,0.00944826,0.3335031,0.00034306,0.01034654,0.0277636,0.0906936,0.00026143,NA,0.0008312,0.00213519,0.00026329,0.00115153,0.02532881,0.0002833,0.00534592
42,0.110916578022652,0.268913949529664,0.122349919489669,0.290221141859544,0.02955672646072,NA,2.69036165610888,0.337806156164607,3.02816781227349,,,,,,,,,,,,,,,,,,,,NA,0.00103307151494,0.015211576810702,0.00310227997498,0.000171074040605,9.66241675990843E-05,0.012022075634555,0.000345260934301,0.578523196473438,0.626466154101338,0.283294621000978,0.547582555551279,0.004563331451054,0,0,0,0.649932368073595,0.049962243722351,0.389424888597077,0.405241111565223,0.123152635401944,0.012961431523685,0.00699664951159,9.9232804483968,6.56440446,0.59639802,0.53411992,2.09507341,1.96793229,0.01685613,0.00129126,0.00360785,0.00536002,0.16632251,0.00039603,0.01283835,0.03942253,0.11911405,0.00029265,NA,0.00069391,0.00326008,0.00037938,0.00058227,0.02070055,NA,0.0060668
43,0.297400683817526,0.392787801768798,0.461650410392934,0.302263653259685,0.152742198491171,NA,3.39788171636955,1.33873955228044,4.73662126864998,,,,,,,,,,,,,,,,,,,,NA,0.006281350649143,0.026074016024267,0.004181217418641,0.000379580253887,0.001475072782641,0.010790807727132,0.00311054735842,1.00780063626305,0.648069980355028,0.269583704363931,0.54531943030068,0.00477528665465,0,0,0,0.922333174385963,0.073912154143504,0.51886762943521,1.29839605600996,0.339996530473469,0.019103395593538,0.010797183448455,9.43081956243159,5.82049473,0.43532639,0.44862179,1.78799269,1.73162433,0.01566511,0.0035497,0.00422292,0.00620011,0.23327966,0.00091159,0.01614929,0.05079132,0.11571549,0.00069478,0.0006458,0.00103107,0.0020895,0.00043963,0.00349347,0.02830311,NA,0.02178216
44,0.123953185483706,0.495733261527776,0.11807167545605,0.321697649245301,0.045204132270769,NA,3.97380039045229,0.334619537930256,4.30841992838255,,,,,,,,,,,,,,,,,,,,,,,,,,,,0.921617485384354,1.13371147431384,0.381463203393196,0.625770797551574,0.00641370117715,0,0,0,0.904824184136221,0.083093646102255,0.594188654803948,0.432645783497033,0.092928185511838,0.024981317845791,0.011605927991444,9.1599364278017,6.65581911,0.57010192,0.53440781,1.97346807,1.2099827,0.01580537,0.0020646,0.00579291,0.00535254,0.20578551,0.00041321,0.01658135,0.0873131,0.10276601,0.00041551,NA,0.00076098,0.00274987,0.00023031,0.00170586,0.02238585,NA,0.00447338
45,0.366740742188272,0.487606299251365,0.2508035214485,0.390564030650276,0.195007441107641,NA,6.14832819339398,1.47883014856376,7.62715834195774,,,,,,,,,,,,,,,,,,,,,,,,,,,,1.73978054827924,0.998433285878983,0.433164351999263,0.651458062343512,0.007802777652257,0,0,0,2.31769026026128,0.152585560355868,1.17804819723366,2.05732590476379,0.364185703814661,0.023712883321669,0.020662002128281,17.1847896339622,6.41056266,0.56308432,0.49465256,1.42649819,1.66932223,0.01623579,0.00122641,0.01453387,0.00862329,0.31266351,0.00046349,0.01699614,0.06218476,0.14232764,0.00053809,0.00055,0.00234152,0.00453816,0.000728,0.00681464,0.02766374,NA,0.04002435
46,0.290809539602366,3.40166444146206,0.888013030381135,0.30923457380061,1.67929971288904,NA,16.7026265725186,1.36743372952638,18.070060302045,,,,,,,,,,,,,,,,,,,,,,,,,,,,3.45933325073652,3.50033209894217,1.23161366046336,1.28181983190099,0.012868174315657,0,0,0,7.21666022108918,0.701886030642364,4.99855999556256,2.66136316718205,0.168834444715268,0.023875211290779,0.029573562503302,51.2999152952233,4.64767914,0.42476519,0.38921524,1.19175903,1.30807715,0.01329411,0.00683257,0.00434248,0.00595225,0.24478719,0.00035787,0.01261756,0.04591865,0.08141788,0.00100899,0.0002765,0.00121512,0.00415223,0.00056537,0.00392876,0.02107678,NA,0.04990865
47,0.274369915174474,0.751487798215092,0.522677754555637,0.304228553567629,0.288623530004069,NA,2.96350654236101,0.948389207241212,3.91189574960222,,,,,,,,,,,,,,,,,,,,,,,,,,,,0.89098092944115,0.439638489336145,0.191217727680998,0.51521813438265,0.005299860084263,0,0,0,0.921151133004293,0.06715333189672,0.504140880013525,1.04153221228643,0.230499662364794,0.013049948955351,0.013164350028684,12.9718434475044,4.99837784,0.43003447,0.47753574,0.44078752,1.45496727,0.01383108,0.00192726,0.00476679,0.00577252,0.23242732,0.00029082,0.00595341,0.08426194,0.10584606,0.00064261,0.0016983,0.00064061,0.00370716,0.00029885,0.00263905,0.02117499,NA,0.05348085
48,0.356507791680243,1.34161584075436,0.532920930929182,0.298244111933885,0.597144994813717,NA,11.4071753935392,2.2027215611262,13.6098969546654,,,,,,,,,,,,,,,,,,,,,,,,,,,,2.63548911093127,1.89320562841706,0.676428559842704,0.790974101110731,0.01110754070396,0,0,0,5.39997381385448,0.430334096658642,3.26391307337872,3.56415976784574,0.301875499238466,0.021573808750834,0.020838400929981,35,4.74218245,0.35368271,0.36245296,0.85080042,1.19935914,0.01504286,0.00603181,0.0067253,0.00974526,0.3290629,0.00029362,0.00794893,0.0271856,0.1269549,0.00075116,NA,0.0014246,0.00228872,0.00091887,0.00482588,0.02761401,NA,0.01375671
49,0.137404666213697,0.682329591649044,0.495286252558912,0.251544548984592,0.335865824622045,NA,4.95299882394547,0.781965551842459,5.73496437578793,,,,,,,,,,,,,,,,,,,,,,,,,,,,1.15244227676216,1.01444756806642,0.390625813869213,0.638536232814904,0.007790045989172,0,0,0,1.74915622320114,0.189609412572295,1.29715167066964,0.90243412078122,0.120475476677216,0.010735963792276,0.010715037452063,15.0517811339134,4.51802597,0.34926048,0.28984073,0.77988969,1.15034071,0.00860867,0.00292167,0.00345063,0.00466055,0.1313509,0.00014623,0.00574502,0.01568384,0.10549692,0.00031118,NA,0.00052232,0.00143455,0.00033722,0.00080232,0.01671266,0.00013839,0.00932967
50,0.107614150646074,0.526546778546347,0.58132738476104,0.258326946466663,0.423323886768548,NA,8.59344138127396,0.730236829642759,9.32367821091672,,,,,,,,,,,,,,,,,,,,,,,,,,,,1.71288498758804,2.03027030216212,0.705656490304679,0.882515121061464,0.00848501276758,0,0,0,3.25363108861749,0.257903411958128,1.97159017663144,1.5343546458941,0.180427843232799,0.018564334106042,0.021026847354554,25.9859877546569,4.56132582,0.35758208,0.38223242,0.85500997,1.2799482,0.01324055,0.00118798,0.00559757,0.00479267,0.19916681,0.00017118,0.0041376,0.01777272,0.07603728,0.00043881,NA,0.0005473,0.00160835,0.00021556,0.00096922,0.01957284,NA,0.00784294
51,0.754776397066198,0.587262226555889,0.110676104931357,0.320469156824518,0.383850784263726,NA,11.4139881730058,0.803530578765114,12.2175187517709,,,,,,,,,,,,,,,,,,,,,,,,,,,,2.85130012571534,2.89841714936159,1.02946857408961,0.796136711872518,0.00951215453555,0,0,0,3.82915189580783,0.306602814799067,2.19253894482145,1.92620086280902,0.143407614126272,0.027958058125973,0.035973272687532,27.4796657034707,6.1296954,0.58123026,0.64564009,1.26757068,0.83715044,0.01910609,0.0013422,0.00491988,0.00758612,0.31948959,0.00046786,0.01656734,0.07404554,0.1364064,0.00107968,NA,0.00070461,0.00155977,0.00122968,0.00908391,0.02451314,0.00021557,0.01445341
52,0.484203325760694,0.405683381224004,0.078982456082633,0.321226028844827,0.11167942444282,NA,5.07726490984871,0.626949394344643,5.70421430419335,,,,,,,,,,,,,,,,,,,,,,,,,,,,1.12199973260815,0.902119979326787,0.445199709386101,0.575258841441613,0.00782643228166,0,0,0,2.02486193545383,0.164615316753825,1.39235869601279,0.911162078338092,0.140481895568907,0.021172685732752,0.022020440471543,19.2488943624114,5.01613203,0.34718337,0.42674298,1.16487928,1.44167315,0.01491936,0.00113167,0.00504217,0.00663035,0.20493803,0.00020092,0.00343937,0.02699155,0.08436489,0.00066471,NA,0.00060121,0.00199641,0.00061619,0.00462869,0.02042056,NA,0.01642302
53,0.329967098909742,0.541035021939748,0.696815577186387,0.311736129130117,0.267035037947025,NA,3.41962349996029,0.922926751239615,4.3425502511999,,,,,,,,,,,,,,,,,,,,,,,,,,,,0.924395569791919,0.6971422381663,0.283098936219228,0.587127533920389,0.005518867021618,0,0,0,0.922340356492651,0.087863858005396,0.668958555099876,0.912700357215805,0.159363140583643,0.009767777877855,0.006613671441595,17.6638871839114,5.09745791,0.43781626,0.47444303,1.0621625,1.22277883,0.0129206,0.00459513,0.00476902,0.00350222,0.23106127,0.00019447,0.00528364,0.01288113,0.07202784,0.00045599,NA,0.00077618,0.00145105,NA,0.00173604,0.02089865,0.00029707,0.00848864
54,0.093772292192814,0.359432277693577,0.286760637684722,0.252726151989544,0.109646244743046,NA,2.02050241844736,0.900632065028497,2.92113448347586,,,,,,,,,,,,,,,,,,,,,,,,,,,,0.598916561573449,0.273140360234032,0.183196576302161,0.493784895261623,0.003201952772403,0,0,0,0.468261977435555,0.02513367472884,0.191609832245598,0.828947505738312,0.308586047531091,0.008706481133999,0.005910455910906,11.2546431426198,4.36941147,0.26099528,0.30723251,0.57485033,0.95971544,0.00852629,0.00094639,0.00446783,0.004035,0.16306199,0.000287,0.00464262,0.01757462,0.07107814,0.00023745,NA,0.0005631,0.00302825,0.00022537,0.0011133,0.01672934,NA,0.01559868
55,0.189446408371861,1.24410348376793,0.28894453249718,0.280839634734988,0.467757808064355,NA,5.40767739821051,0.750771815690823,6.15844921390133,,,,,,,,,,,,,,,,,,,,,,,,,,,,1.30004283229487,1.06598183876584,0.370276644094653,0.656398400627321,0.007871730386504,0,0,0,2.00710603353406,0.169938367359514,1.29249128783805,1.12252490956615,0.146931517390346,0.014016132451627,0.011975763540951,19.3150688487709,4.6663207,0.39624749,0.50638962,0.52660353,1.29127859,0.02008352,0.00148389,0.00712599,0.00779749,0.2512742,0.00018899,0.01560061,0.02469419,0.13040664,0.00049334,NA,0.00143167,0.00149127,0.0006936,0.00534947,0.02181547,0.00022364,0.0277328
56,0.187006119680459,1.27935433912855,0.302067415823125,0.261120071043522,0.436338724107254,NA,5.25178868632514,0.670856946360426,5.92264563268556,,,,,,,,,,,,,,,,,,,,,,,,,,,,1.02816627944721,1.54269460764716,0.546323448840535,0.70858279913443,0.007122220710039,0,0,0,1.41890018448042,0.154378516570822,0.976319976028727,0.782156133492177,0.138915642414928,0.019945937762798,0.018040814461998,14.7186914820748,4.88929586,0.42847575,0.44659565,0.35911318,1.27379431,0.01558447,0.0032226,0.00400913,0.00370418,0.1785033,0.00014942,0.00533604,0.01213223,0.07110595,0.00026605,NA,0.00047543,0.00031823,0.00018494,0.00130972,0.02200514,NA,0.01380422
57,0.301409390044075,0.555825364940596,0.22032621455067,0.296245209467269,0.110518056080601,NA,7.75208117303513,0.693365946206569,8.4454471192417,,,,,,,,,,,,,,,,,,,,,,,,,,,,1.47742059301903,1.83443580155352,0.69216986230134,0.731654177965147,0.009712746422171,0,0,0,3.00669003513281,0.355815027074061,2.192033231623,0.984639945548425,0.115807817294836,0.024139040140629,0.027620237011878,22.7900297848252,3.87218378,0.1776202,0.30329943,0.64042066,0.93070634,0.01526502,0.00193489,0.00378358,0.00686325,0.23215258,0.00015968,0.00418794,0.00920302,0.04467389,0.00026807,NA,0.00041295,0.00022098,0.00019584,0.00097755,0.01756755,NA,0.00566559
58,0.17411107121724,0.204093793649897,0.21299312491885,0.293885880697388,0.056934555801866,NA,4.00447082291144,0.39562554542011,4.40009636833155,,,,,,,,,,,,,,,,,,,,,,,,,,,,0.672832413994432,1.21936870981396,0.453372428384368,0.592813218099944,0.006852998919248,0,0,0,1.05923194388229,0.128974615050092,0.725408537613876,0.460755533913727,0.094716771497303,0.023521611800975,0.021480283560043,20.4232219104559,4.60662329,0.30866831,0.60870916,2.46309699,1.35818196,0.02825409,0.00202975,0.00386436,0.00830809,0.32763337,0.00018783,0.00274489,0.00834546,0.03165731,0.00029767,NA,0.00035768,0.00214521,NA,0.00126208,0.02220349,0.00077229,0.00474688
59,0.185018978575752,0.549651688409052,0.318643944434185,0.280290334763676,0.212718632003399,NA,7.33351600568004,0.767884253177201,8.10140025885724,,,,,,,,,,,,,,,,,,,,,,,,,,,,1.53362540155388,1.93016476653395,0.632664067924168,0.74517628807186,0.011671197975682,0,0,0,2.48021388070989,0.231768995038364,1.63234482481812,1.14603014512246,0.183153080000501,0.028627579258342,0.026173422294486,22.0846812559399,4.25900548,0.28426971,0.34515467,0.41222425,1.02787894,0.01394325,0.00421838,0.00537469,0.0063571,0.21908377,0.00013382,0.00343382,0.01102787,0.04905006,0.00041589,NA,0.00077922,8.84E-05,0.00025,0.00395359,0.01844085,NA,0.01372702
60,,,,,,,,,,,,,,,,,,,,,,,,,,,,,,,,,,,,,,,,,,,,,,,,,,,,NA,NA,NA,NA,NA,NA,NA,NA,NA,NA,NA,NA,NA,NA,NA,NA,NA,NA,NA,NA,NA,NA,NA,NA
61,0.383041909084467,0.286921953775637,0.314222111412321,0.31786063465262,0.063589247879659,NA,3.21651079237465,0.676700050494596,3.89321084286924,,,,,,,,,,,,,,,,,,,,,,,,,,,,0.663099207553697,0.854585877210486,0.386492676953216,0.542047303050828,0.007292447900037,0,0,0,0.762992296959642,0.075189834211349,0.517567071443869,0.663696650072632,0.158976977619818,0.013847070876844,0.010414828176881,14.0861412976459,4.98309673,0.35171518,0.29511964,0.26833666,1.03537505,0.00979142,0.00203159,0.00350427,0.00220279,0.11477189,0.00019605,0.00271693,0.00597583,0.01942751,NA,NA,0.00036876,NA,NA,0.00088591,0.01736504,NA,0.0011532
62,0.146739203101864,0.478111120921822,0.562021472403594,0.267272567796109,0.223876515954586,NA,5.22976782378384,0.999775647011911,6.22954347079575,,,,,,,,,,,,,,,,,,,,,,,,,,,,1.00228361133489,1.30566551773278,0.461196717139951,0.707108485238784,0.006410126761262,0,0,0,1.74710278651181,0.183661015885322,1.1633972211445,1.20485146466023,0.160263852582717,0.018974873120212,0.015729969432563,21.5863405445664,3.68082207,0.28197719,0.30719538,0.3078268,0.9910976,0.01076837,0.00159925,0.00346976,0.0035514,0.13042917,NA,0.00200277,0.00808888,0.03344726,0.00041721,NA,0.00035653,0.00033219,0.00033677,0.00201698,0.01542566,NA,0.01976781
63,0.314691428588727,0.230797452808149,0.708207015177226,0.288066159333571,0.102486304385609,NA,1.95844659632075,0.900754456427412,2.85920105274816,,,,,,,,,,,,,,,,,,,,,,,,,,,,0.561796710795197,0.51755441332529,0.176094866146529,0.390290656659488,0.002436347941115,0,0,0,0.310272589256571,0.023263171409279,0.155993331490926,0.673532537373345,0.307929754477043,0.037216937288379,0.01309152106661,16.0504164745271,3.71914831,0.28409848,0.2615138,0.21208779,0.93716037,0.00948297,0.00235431,0.00326452,0.00232655,0.11763122,NA,0.00467939,0.0049376,0.02343261,0.00022931,NA,0.00033307,0.00013318,0.00022462,0.00049044,0.01523832,NA,0.0055382
64,0.098687343687385,0.218976162869843,0.408333933189481,0.255920482269746,0.176374508732327,NA,2.66833744269829,0.501832093684874,3.17016953638317,,,,,,,,,,,,,,,,,,,,,,,,,,,,0.530966721816229,0.862758797011373,0.266125107741315,0.515533810412442,0.004011611730799,0,0,0,0.488941437510433,0.047892556639839,0.271277128169117,0.507799180162686,0.137829239716151,0.016979665564305,0.008995762520175,11.5360810435137,3.26427987,0.17481918,0.20658278,0.27859359,0.81370806,0.00877305,0.00156905,0.00287908,0.00278714,0.11678375,NA,0.00441522,0.00489091,0.02721535,0.00021118,NA,0.00029012,0.00013108,NA,0.00033654,0.01312907,NA,0.00220794
65,0.114291263045639,0.410135599391523,0.401844114760116,0.253237851390808,0.107602279703273,NA,4.1284631045356,1.37698224165658,5.50544534619218,,,,,,,,,,,,,,,,,,,,,,,,,,,,1.06310630754602,1.01554920736424,0.352677140440607,0.624413445801643,0.005724331670425,0,0,0,1.0669919443597,0.09396603388039,0.569859438689646,1.3474231359533,0.403792808095702,0.016545898801132,0.012386866990765,14.9739374284197,3.32242303,0.25526567,0.25331815,0.25073755,0.83494815,0.00923767,0.00114372,0.00288182,0.00346839,0.11053616,0.00016345,0.00476657,0.00591155,0.10091417,0.00022488,NA,0.00037726,0.0001374,NA,0.00063073,0.01467582,NA,0.00342205
66,0.213672011119264,0.248355004228478,0.664761469803183,0.283060960505862,0.068023117570886,NA,1.95078469159251,0.979145314917897,2.92993000651041,,,,,,,,,,,,,,,,,,,,,,,,,,,,0.678359511919902,0.280529960735957,0.16832381033518,0.412293746248044,0.002127469542422,0,0,0,0.409150235818358,0.01960592114955,0.16787126365309,0.844235651599008,0.340140107851637,0.010999126055451,0.005443747039275,6.83917768169883,3.66865675,0.25520841,0.19212834,0.20965361,0.81547846,0.00544457,0.0010878,0.00308943,0.00155758,0.06289778,0.00015386,0.00353323,0.00721957,0.03302532,0.00027242,NA,0.00034851,0.00014149,NA,0.00093277,0.01461408,NA,0.00672916
67,0.273061909797366,0.570291053571447,0.3915596406201,0.305633860791534,0.138047413752439,NA,8.74452601948303,2.12483915844756,10.8693651779306,,,,,,,,,,,,,,,,,,,,,,,,,,,,1.82540307395227,1.98352635614265,0.718743194757262,0.815035688929623,0.010009129190093,0,0,0,3.39180727845185,0.245538704697524,1.85820560134381,3.05725502840519,0.312751170678382,0.022162298788157,0.020734501170362,25.2020107748365,3.64946477,0.27138817,0.26980493,0.33539338,0.99878275,0.01137667,0.00091039,0.0060597,0.00597426,0.24790226,0.00014922,0.00373789,0.02847372,0.07546029,0.00048266,NA,0.00067293,0.00014825,0.00057677,0.00645416,0.02124132,NA,0.02426658
68,0.16993160651405,0.704862711655611,0.454217858663201,0.280273209458937,0.171353392744164,NA,3.15050367507127,0.915713021546265,4.06621669661754,,,,,,,,,,,,,,,,,,,,,,,,,,,,0.97744937197672,0.561604175733228,0.256150954877966,0.551632208021969,0.005951793866741,0,0,0,0.797714642750993,0.069535808425133,0.500680729383335,0.924273294409644,0.201650934548298,0.010021828289341,0.007265150885111,14.2040029850898,3.97571409,0.34475778,0.30591009,0.26060627,1.19732254,0.00978014,0.00192637,0.00500955,0.00342168,0.12812182,NA,0.0030996,0.00971755,0.04089545,0.00020608,NA,0.00056444,9.26E-05,NA,0.00152907,0.01718838,NA,0.00987498
69,,,,,,,,,,,,,,,,,,,,,,,,,,,,,,,,,,,,,,,,,,,,,,,,,,,,NA,NA,NA,NA,NA,NA,NA,NA,NA,NA,NA,NA,NA,NA,NA,NA,NA,NA,NA,NA,NA,NA,NA,NA
70,0.15210749513769,0.447430183042263,0.317256070040479,0.245567628842876,0.124787416097983,NA,,,,,,,,,,,,,,,,,,,,,,,,,,,,,,,,,,,,,,,,,,,,,,14.0691661907925,,,,,,,,,,,,,,,,,,,,,,,
71,0.126822786572673,0.904348756625877,1.20537345364583,0.259187620110633,0.453151973365353,NA,,,,,,,,,,,,,,,,,,,,,,,,,,,,,,,,,,,,,,,,,,,,,,20.2926032262135,,,,,,,,,,,,,,,,,,,,,,,
72,0.133968581724605,0.273927795948894,0.551850621509006,0.255933543799932,0.118933768856598,NA,,,,,,,,,,,,,,,,,,,,,,,,,,,,,,,,,,,,,,,,,,,,,,10.8849870295221,,,,,,,,,,,,,,,,,,,,,,,
73,0.143803267719598,0.233002171792004,0.251490590818326,0.183931368724092,0.086102477650376,NA,,,,,,,,,,,,,,,,,,,,,,,,,,,,,,,,,,,,,,,,,,,,,,8.01251673327204,,,,,,,,,,,,,,,,,,,,,,,
74,0.116819493648813,0.435033438051662,0.302675505302523,0.198887314873494,0.147728900036444,NA,,,,,,,,,,,,,,,,,,,,,,,,,,,,,,,,,,,,,,,,,,,,,,16.7039556261621,,,,,,,,,,,,,,,,,,,,,,,
75,0.216935511146498,0.39358174760185,0.756545986136749,0.340773976621029,0.127020192379478,NA,,,,,,,,,,,,,,,,,,,,,,,,,,,,,,,,,,,,,,,,,,,,,,15.759473458629,,,,,,,,,,,,,,,,,,,,,,,
76,0.21543867227273,0.21680971580064,0.542830405225527,0.315364227387617,0.096295186620947,NA,,,,,,,,,,,,,,,,,,,,,,,,,,,,,,,,,,,,,,,,,,,,,,10.9061182720875,,,,,,,,,,,,,,,,,,,,,,,
77,0.141397549910693,0.427535815399384,0.552056141367117,0.294332961976085,0.100162786523558,NA,,,,,,,,,,,,,,,,,,,,,,,,,,,,,,,,,,,,,,,,,,,,,,12.2395659692272,,,,,,,,,,,,,,,,,,,,,,,
78,0.143681303135442,0.234334585311766,0.415410592167208,0.327892015247689,0.074486067361138,NA,,,,,,,,,,,,,,,,,,,,,,,,,,,,,,,,,,,,,,,,,,,,,,14.5918592538638,,,,,,,,,,,,,,,,,,,,,,,
79,0.241783834265266,0.530554520549522,1.04423098981384,0.343797290774997,0.334011944225416,NA,,,,,,,,,,,,,,,,,,,,,,,,,,,,,,,,,,,,,,,,,,,,,,14.726121989182,,,,,,,,,,,,,,,,,,,,,,,
80,0.318098182603269,0.209743285997852,0.448073487790369,0.315892858692404,0.040715632417836,NA,,,,,,,,,,,,,,,,,,,,,,,,,,,,,,,,,,,,,,,,,,,,,,9.61055453857817,,,,,,,,,,,,,,,,,,,,,,,
81,0.188237608407226,0.339661252496363,0.419688164903775,0.289637716223216,0.138630813942307,NA,,,,,,,,,,,,,,,,,,,,,,,,,,,,,,,,,,,,,,,,,,,,,,11.4614558724306,,,,,,,,,,,,,,,,,,,,,,,
82,0.176041493048722,0.48122243389613,0.507052083817339,0.297639496970804,0.069543110383381,NA,,,,,,,,,,,,,,,,,,,,,,,,,,,,,,,,,,,,,,,,,,,,,,24.2082295300982,,,,,,,,,,,,,,,,,,,,,,,
83,0.154065401827569,0.282308080384714,0.399625632665981,0.294622830902974,0.046795383014831,NA,,,,,,,,,,,,,,,,,,,,,,,,,,,,,,,,,,,,,,,,,,,,,,9.34130036916613,,,,,,,,,,,,,,,,,,,,,,,
84,0.16656137135315,0.379910096035386,0.397514408749147,0.283553366369646,0.059910832113474,NA,,,,,,,,,,,,,,,,,,,,,,,,,,,,,,,,,,,,,,,,,,,,,,8.76385991242765,,,,,,,,,,,,,,,,,,,,,,,
85,0.189246933500117,0.480549062460602,0.604285082834174,0.291039861842747,0.115291934691685,NA,,,,,,,,,,,,,,,,,,,,,,,,,,,,,,,,,,,,,,,,,,,,,,13.5004035118969,,,,,,,,,,,,,,,,,,,,,,,
86,0.180442087354019,0.375582564424369,0.621765149033233,0.31562681665776,0.100250483544041,NA,,,,,,,,,,,,,,,,,,,,,,,,,,,,,,,,,,,,,,,,,,,,,,23.3735696452095,,,,,,,,,,,,,,,,,,,,,,,
87,0.131907402230951,0.436427532734127,0.44880763045165,0.233522672429066,0.094888900729284,NA,,,,,,,,,,,,,,,,,,,,,,,,,,,,,,,,,,,,,,,,,,,,,,12.6266370653817,,,,,,,,,,,,,,,,,,,,,,,
88,0.134188536505326,0.375415366589763,0.646078732942249,0.307644507242207,0.122561698246647,NA,,,,,,,,,,,,,,,,,,,,,,,,,,,,,,,,,,,,,,,,,,,,,,4.18531223750547,,,,,,,,,,,,,,,,,,,,,,,
89,0.164397929101279,0.312314845557254,0.529020625274442,0.29792804617472,0.071399512235343,NA,,,,,,,,,,,,,,,,,,,,,,,,,,,,,,,,,,,,,,,,,,,,,,11.061300257705,,,,,,,,,,,,,,,,,,,,,,,
90,0.172390695680271,0.405180415941265,0.473680299214021,0.294999778147465,0.114461768373272,NA,,,,,,,,,,,,,,,,,,,,,,,,,,,,,,,,,,,,,,,,,,,,,,8.78328042028085,,,,,,,,,,,,,,,,,,,,,,,
91,0.15645305223491,0.512976651792139,1.07331189079486,0.373962056392715,0.21430050773716,NA,,,,,,,,,,,,,,,,,,,,,,,,,,,,,,,,,,,,,,,,,,,,,,11.011871845331,,,,,,,,,,,,,,,,,,,,,,,
92,0.141903081413542,0.233567321581958,0.79196788317034,0.41078686952006,0.15546202130083,NA,,,,,,,,,,,,,,,,,,,,,,,,,,,,,,,,,,,,,,,,,,,,,,NA,,,,,,,,,,,,,,,,,,,,,,,
93,0.333472735295143,0.460368723251544,0.669053337375345,0.470998294202299,0.118802965456592,NA,,,,,,,,,,,,,,,,,,,,,,,,,,,,,,,,,,,,,,,,,,,,,,NA,,,,,,,,,,,,,,,,,,,,,,,
94,0.224367765147867,0.353239507415543,0.452975754452595,0.420494665947651,0.145326463130586,NA,,,,,,,,,,,,,,,,,,,,,,,,,,,,,,,,,,,,,,,,,,,,,,NA,,,,,,,,,,,,,,,,,,,,,,,
95,,,,,,,,,,,,,,,,,,,,,,,,,,,,,,,,,,,,,,,,,,,,,,,,,,,,21.6317023917331,,,,,,,,,,,,,,,,,,,,,,,
96,,,,,,,,,,,,,,,,,,,,,,,,,,,,,,,,,,,,,,,,,,,,,,,,,,,,20.6903127952786,,,,,,,,,,,,,,,,,,,,,,,
97,,,,,,,,,,,,,,,,,,,,,,,,,,,,,,,,,,,,,,,,,,,,,,,,,,,,NA,,,,,,,,,,,,,,,,,,,,,,,
98,,,,,,,,,,,,,,,,,,,,,,,,,,,,,,,,,,,,,,,,,,,,,,,,,,,,16.766721757707,,,,,,,,,,,,,,,,,,,,,,,
99,,,,,,,,,,,,,,,,,,,,,,,,,,,,,,,,,,,,,,,,,,,,,,,,,,,,13.8624420082418,,,,,,,,,,,,,,,,,,,,,,,
100,,,,,,,,,,,,,,,,,,,,,,,,,,,,,,,,,,,,,,,,,,,,,,,,,,,,12.1922801207283,,,,,,,,,,,,,,,,,,,,,,,
101,,,,,,,,,,,,,,,,,,,,,,,,,,,,,,,,,,,,,,,,,,,,,,,,,,,,18.9544378687841,,,,,,,,,,,,,,,,,,,,,,,
102,,,,,,,,,,,,,,,,,,,,,,,,,,,,,,,,,,,,,,,,,,,,,,,,,,,,22.4934552376908,,,,,,,,,,,,,,,,,,,,,,,
103,,,,,,,,,,,,,,,,,,,,,,,,,,,,,,,,,,,,,,,,,,,,,,,,,,,,NA,,,,,,,,,,,,,,,,,,,,,,,
104,,,,,,,,,,,,,,,,,,,,,,,,,,,,,,,,,,,,,,,,,,,,,,,,,,,,19.7256795504918,,,,,,,,,,,,,,,,,,,,,,,
105,,,,,,,,,,,,,,,,,,,,,,,,,,,,,,,,,,,,,,,,,,,,,,,,,,,,28.7026834378329,,,,,,,,,,,,,,,,,,,,,,,
106,,,,,,,,,,,,,,,,,,,,,,,,,,,,,,,,,,,,,,,,,,,,,,,,,,,,NA,,,,,,,,,,,,,,,,,,,,,,,
107,,,,,,,,,,,,,,,,,,,,,,,,,,,,,,,,,,,,,,,,,,,,,,,,,,,,16.3145179159104,,,,,,,,,,,,,,,,,,,,,,,
108,,,,,,,,,,,,,,,,,,,,,,,,,,,,,,,,,,,,,,,,,,,,,,,,,,,,27.0060063430351,,,,,,,,,,,,,,,,,,,,,,,
109,,,,,,,,,,,,,,,,,,,,,,,,,,,,,,,,,,,,,,,,,,,,,,,,,,,,19.2458433487903,,,,,,,,,,,,,,,,,,,,,,,
110,,,,,,,,,,,,,,,,,,,,,,,,,,,,,,,,,,,,,,,,,,,,,,,,,,,,18.9257913865416,,,,,,,,,,,,,,,,,,,,,,,
111,,,,,,,,,,,,,,,,,,,,,,,,,,,,,,,,,,,,,,,,,,,,,,,,,,,,NA,,,,,,,,,,,,,,,,,,,,,,,
112,,,,,,,,,,,,,,,,,,,,,,,,,,,,,,,,,,,,,,,,,,,,,,,,,,,,23.8017027912399,,,,,,,,,,,,,,,,,,,,,,,
113,,,,,,,,,,,,,,,,,,,,,,,,,,,,,,,,,,,,,,,,,,,,,,,,,,,,18.7238008271604,,,,,,,,,,,,,,,,,,,,,,,
114,,,,,,,,,,,,,,,,,,,,,,,,,,,,,,,,,,,,,,,,,,,,,,,,,,,,20.1093191164311,,,,,,,,,,,,,,,,,,,,,,,
115,,,,,,,,,,,,,,,,,,,,,,,,,,,,,,,,,,,,,,,,,,,,,,,,,,,,15.7512797350205,,,,,,,,,,,,,,,,,,,,,,,
116,,,,,,,,,,,,,,,,,,,,,,,,,,,,,,,,,,,,,,,,,,,,,,,,,,,,-9.18367346938734,,,,,,,,,,,,,,,,,,,,,,,
117,,,,,,,,,,,,,,,,,,,,,,,,,,,,,,,,,,,,,,,,,,,,,,,,,,,,,,,,,,,,,,,,,,,,,,,,,,,
118,,,,,,,,,,,,,,,,,,,,,,,,,,,,,,,,,,,,,,,,,,,,,,,,,,,,,,,,,,,,,,,,,,,,,,,,,,,
119,,,,,,,,,,,,,,,,,,,,,,,,,,,,,,,,,,,,,,,,,,,,,,,,,,,,,,,,,,,,,,,,,,,,,,,,,,,
120,,,,,,,,,,,,,,,,,,,,,,,,,,,,,,,,,,,,,,,,,,,,,,,,,,,,,,,,,,,,,,,,,,,,,,,,,,,
121,,,,,,,,,,,,,,,,,,,,,,,,,,,,,,,,,,,,,,,,,,,,,,,,,,,,,,,,,,,,,,,,,,,,,,,,,,,
122,,,,,,,,,,,,,,,,,,,,,,,,,,,,,,,,,,,,,,,,,,,,,,,,,,,,,,,,,,,,,,,,,,,,,,,,,,,
123,,,,,,,,,,,,,,,,,,,,,,,,,,,,,,,,,,,,,,,,,,,,,,,,,,,,,,,,,,,,,,,,,,,,,,,,,,,
124,,,,,,,,,,,,,,,,,,,,,,,,,,,,,,,,,,,,,,,,,,,,,,,,,,,,,,,,,,,,,,,,,,,,,,,,,,,
125,,,,,,,,,,,,,,,,,,,,,,,,,,,,,,,,,,,,,,,,,,,,,,,,,,,,,,,,,,,,,,,,,,,,,,,,,,,
126,,,,,,,,,,,,,,,,,,,,,,,,,,,,,,,,,,,,,,,,,,,,,,,,,,,,,,,,,,,,,,,,,,,,,,,,,,,
127,,,,,,,,,,,,,,,,,,,,,,,,,,,,,,,,,,,,,,,,,,,,,,,,,,,,,,,,,,,,,,,,,,,,,,,,,,,
128,,,,,,,,,,,,,,,,,,,,,,,,,,,,,,,,,,,,,,,,,,,,,,,,,,,,,,,,,,,,,,,,,,,,,,,,,,,
129,,,,,,,,,,,,,,,,,,,,,,,,,,,,,,,,,,,,,,,,,,,,,,,,,,,,,,,,,,,,,,,,,,,,,,,,,,,
130,,,,,,,,,,,,,,,,,,,,,,,,,,,,,,,,,,,,,,,,,,,,,,,,,,,,,,,,,,,,,,,,,,,,,,,,,,,
131,,,,,,,,,,,,,,,,,,,,,,,,,,,,,,,,,,,,,,,,,,,,,,,,,,,,,,,,,,,,,,,,,,,,,,,,,,,
132,,,,,,,,,,,,,,,,,,,,,,,,,,,,,,,,,,,,,,,,,,,,,,,,,,,,,,,,,,,,,,,,,,,,,,,,,,,
133,,,,,,,,,,,,,,,,,,,,,,,,,,,,,,,,,,,,,,,,,,,,,,,,,,,,,,,,,,,,,,,,,,,,,,,,,,,
134,,,,,,,,,,,,,,,,,,,,,,,,,,,,,,,,,,,,,,,,,,,,,,,,,,,,,,,,,,,,,,,,,,,,,,,,,,,
135,,,,,,,,,,,,,,,,,,,,,,,,,,,,,,,,,,,,,,,,,,,,,,,,,,,,,,,,,,,,,,,,,,,,,,,,,,,
136,,,,,,,,,,,,,,,,,,,,,,,,,,,,,,,,,,,,,,,,,,,,,,,,,,,,,,,,,,,,,,,,,,,,,,,,,,,
137,,,,,,,,,,,,,,,,,,,,,,,,,,,,,,,,,,,,,,,,,,,,,,,,,,,,,,,,,,,,,,,,,,,,,,,,,,,
138,,,,,,,,,,,,,,,,,,,,,,,,,,,,,,,,,,,,,,,,,,,,,,,,,,,,,,,,,,,,,,,,,,,,,,,,,,,
139,,,,,,,,,,,,,,,,,,,,,,,,,,,,,,,,,,,,,,,,,,,,,,,,,,,,,,,,,,,,,,,,,,,,,,,,,,,
140,,,,,,,,,,,,,,,,,,,,,,,,,,,,,,,,,,,,,,,,,,,,,,,,,,,,,,,,,,,,,,,,,,,,,,,,,,,
141,,,,,,,,,,,,,,,,,,,,,,,,,,,,,,,,,,,,,,,,,,,,,,,,,,,,,,,,,,,,,,,,,,,,,,,,,,,
142,,,,,,,,,,,,,,,,,,,,,,,,,,,,,,,,,,,,,,,,,,,,,,,,,,,,,,,,,,,,,,,,,,,,,,,,,,,
143,,,,,,,,,,,,,,,,,,,,,,,,,,,,,,,,,,,,,,,,,,,,,,,,,,,,,,,,,,,,,,,,,,,,,,,,,,,
144,,,,,,,,,,,,,,,,,,,,,,,,,,,,,,,,,,,,,,,,,,,,,,,,,,,,,,,,,,,,,,,,,,,,,,,,,,,
145,,,,,,,,,,,,,,,,,,,,,,,,,,,,,,,,,,,,,,,,,,,,,,,,,,,,,,,,,,,,,,,,,,,,,,,,,,,
146,,,,,,,,,,,,,,,,,,,,,,,,,,,,,,,,,,,,,,,,,,,,,,,,,,,,,,,,,,,,,,,,,,,,,,,,,,,
147,,,,,,,,,,,,,,,,,,,,,,,,,,,,,,,,,,,,,,,,,,,,,,,,,,,,,,,,,,,,,,,,,,,,,,,,,,,
148,,,,,,,,,,,,,,,,,,,,,,,,,,,,,,,,,,,,,,,,,,,,,,,,,,,,,,,,,,,,,,,,,,,,,,,,,,,
149,,,,,,,,,,,,,,,,,,,,,,,,,,,,,,,,,,,,,,,,,,,,,,,,,,,,,,,,,,,,,,,,,,,,,,,,,,,
150,,,,,,,,,,,,,,,,,,,,,,,,,,,,,,,,,,,,,,,,,,,,,,,,,,,,,,,,,,,,,,,,,,,,,,,,,,,
151,,,,,,,,,,,,,,,,,,,,,,,,,,,,,,,,,,,,,,,,,,,,,,,,,,,,,,,,,,,,,,,,,,,,,,,,,,,
152,,,,,,,,,,,,,,,,,,,,,,,,,,,,,,,,,,,,,,,,,,,,,,,,,,,,,,,,,,,,,,,,,,,,,,,,,,,
153,,,,,,,,,,,,,,,,,,,,,,,,,,,,,,,,,,,,,,,,,,,,,,,,,,,,,,,,,,,,,,,,,,,,,,,,,,,
154,,,,,,,,,,,,,,,,,,,,,,,,,,,,,,,,,,,,,,,,,,,,,,,,,,,,,,,,,,,,,,,,,,,,,,,,,,,
155,,,,,,,,,,,,,,,,,,,,,,,,,,,,,,,,,,,,,,,,,,,,,,,,,,,,,,,,,,,,,,,,,,,,,,,,,,,
156,,,,,,,,,,,,,,,,,,,,,,,,,,,,,,,,,,,,,,,,,,,,,,,,,,,,,,,,,,,,,,,,,,,,,,,,,,,
157,,,,,,,,,,,,,,,,,,,,,,,,,,,,,,,,,,,,,,,,,,,,,,,,,,,,,,,,,,,,,,,,,,,,,,,,,,,
158,,,,,,,,,,,,,,,,,,,,,,,,,,,,,,,,,,,,,,,,,,,,,,,,,,,,,,,,,,,,,,,,,,,,,,,,,,,
159,,,,,,,,,,,,,,,,,,,,,,,,,,,,,,,,,,,,,,,,,,,,,,,,,,,,,,,,,,,,,,,,,,,,,,,,,,,
160,,,,,,,,,,,,,,,,,,,,,,,,,,,,,,,,,,,,,,,,,,,,,,,,,,,,,,,,,,,,,,,,,,,,,,,,,,,
161,,,,,,,,,,,,,,,,,,,,,,,,,,,,,,,,,,,,,,,,,,,,,,,,,,,,,,,,,,,,,,,,,,,,,,,,,,,
162,,,,,,,,,,,,,,,,,,,,,,,,,,,,,,,,,,,,,,,,,,,,,,,,,,,,,,,,,,,,,,,,,,,,,,,,,,,
163,,,,,,,,,,,,,,,,,,,,,,,,,,,,,,,,,,,,,,,,,,,,,,,,,,,,,,,,,,,,,,,,,,,,,,,,,,,
164,,,,,,,,,,,,,,,,,,,,,,,,,,,,,,,,,,,,,,,,,,,,,,,,,,,,,,,,,,,,,,,,,,,,,,,,,,,
165,,,,,,,,,,,,,,,,,,,,,,,,,,,,,,,,,,,,,,,,,,,,,,,,,,,,,,,,,,,,,,,,,,,,,,,,,,,
166,,,,,,,,,,,,,,,,,,,,,,,,,,,,,,,,,,,,,,,,,,,,,,,,,,,,,,,,,,,,,,,,,,,,,,,,,,,
167,,,,,,,,,,,,,,,,,,,,,,,,,,,,,,,,,,,,,,,,,,,,,,,,,,,,,,,,,,,,,,,,,,,,,,,,,,,
168,,,,,,,,,,,,,,,,,,,,,,,,,,,,,,,,,,,,,,,,,,,,,,,,,,,,,,,,,,,,,,,,,,,,,,,,,,,
169,,,,,,,,,,,,,,,,,,,,,,,,,,,,,,,,,,,,,,,,,,,,,,,,,,,,,,,,,,,,,,,,,,,,,,,,,,,
170,,,,,,,,,,,,,,,,,,,,,,,,,,,,,,,,,,,,,,,,,,,,,,,,,,,,,,,,,,,,,,,,,,,,,,,,,,,
171,,,,,,,,,,,,,,,,,,,,,,,,,,,,,,,,,,,,,,,,,,,,,,,,,,,,,,,,,,,,,,,,,,,,,,,,,,,
172,,,,,,,,,,,,,,,,,,,,,,,,,,,,,,,,,,,,,,,,,,,,,,,,,,,,,,,,,,,,,,,,,,,,,,,,,,,
173,,,,,,,,,,,,,,,,,,,,,,,,,,,,,,,,,,,,,,,,,,,,,,,,,,,,,,,,,,,,,,,,,,,,,,,,,,,
174,,,,,,,,,,,,,,,,,,,,,,,,,,,,,,,,,,,,,,,,,,,,,,,,,,,,,,,,,,,,,,,,,,,,,,,,,,,
175,,,,,,,,,,,,,,,,,,,,,,,,,,,,,,,,,,,,,,,,,,,,,,,,,,,,,,,,,,,,,,,,,,,,,,,,,,,
176,,,,,,,,,,,,,,,,,,,,,,,,,,,,,,,,,,,,,,,,,,,,,,,,,,,,,,,,,,,,,,,,,,,,,,,,,,,
177,,,,,,,,,,,,,,,,,,,,,,,,,,,,,,,,,,,,,,,,,,,,,,,,,,,,,,,,,,,,,,,,,,,,,,,,,,,
178,,,,,,,,,,,,,,,,,,,,,,,,,,,,,,,,,,,,,,,,,,,,,,,,,,,,,,,,,,,,,,,,,,,,,,,,,,,
179,,,,,,,,,,,,,,,,,,,,,,,,,,,,,,,,,,,,,,,,,,,,,,,,,,,,,,,,,,,,,,,,,,,,,,,,,,,
180,,,,,,,,,,,,,,,,,,,,,,,,,,,,,,,,,,,,,,,,,,,,,,,,,,,,,,,,,,,,,,,,,,,,,,,,,,,
181,,,,,,,,,,,,,,,,,,,,,,,,,,,,,,,,,,,,,,,,,,,,,,,,,,,,,,,,,,,,,,,,,,,,,,,,,,,
182,,,,,,,,,,,,,,,,,,,,,,,,,,,,,,,,,,,,,,,,,,,,,,,,,,,,,,,,,,,,,,,,,,,,,,,,,,,
183,,,,,,,,,,,,,,,,,,,,,,,,,,,,,,,,,,,,,,,,,,,,,,,,,,,,,,,,,,,,,,,,,,,,,,,,,,,
184,,,,,,,,,,,,,,,,,,,,,,,,,,,,,,,,,,,,,,,,,,,,,,,,,,,,,,,,,,,,,,,,,,,,,,,,,,,
185,,,,,,,,,,,,,,,,,,,,,,,,,,,,,,,,,,,,,,,,,,,,,,,,,,,,,,,,,,,,,,,,,,,,,,,,,,,
186,,,,,,,,,,,,,,,,,,,,,,,,,,,,,,,,,,,,,,,,,,,,,,,,,,,,,,,,,,,,,,,,,,,,,,,,,,,
187,,,,,,,,,,,,,,,,,,,,,,,,,,,,,,,,,,,,,,,,,,,,,,,,,,,,,,,,,,,,,,,,,,,,,,,,,,,
188,,,,,,,,,,,,,,,,,,,,,,,,,,,,,,,,,,,,,,,,,,,,,,,,,,,,,,,,,,,,,,,,,,,,,,,,,,,
189,,,,,,,,,,,,,,,,,,,,,,,,,,,,,,,,,,,,,,,,,,,,,,,,,,,,,,,,,,,,,,,,,,,,,,,,,,,
190,,,,,,,,,,,,,,,,,,,,,,,,,,,,,,,,,,,,,,,,,,,,,,,,,,,,,,,,,,,,,,,,,,,,,,,,,,,
191,,,,,,,,,,,,,,,,,,,,,,,,,,,,,,,,,,,,,,,,,,,,,,,,,,,,,,,,,,,,,,,,,,,,,,,,,,,
192,,,,,,,,,,,,,,,,,,,,,,,,,,,,,,,,,,,,,,,,,,,,,,,,,,,,,,,,,,,,,,,,,,,,,,,,,,,
193,,,,,,,,,,,,,,,,,,,,,,,,,,,,,,,,,,,,,,,,,,,,,,,,,,,,,,,,,,,,,,,,,,,,,,,,,,,
194,,,,,,,,,,,,,,,,,,,,,,,,,,,,,,,,,,,,,,,,,,,,,,,,,,,,,,,,,,,,,,,,,,,,,,,,,,,
195,,,,,,,,,,,,,,,,,,,,,,,,,,,,,,,,,,,,,,,,,,,,,,,,,,,,,,,,,,,,,,,,,,,,,,,,,,,
196,,,,,,,,,,,,,,,,,,,,,,,,,,,,,,,,,,,,,,,,,,,,,,,,,,,,,,,,,,,,,,,,,,,,,,,,,,,
197,,,,,,,,,,,,,,,,,,,,,,,,,,,,,,,,,,,,,,,,,,,,,,,,,,,,,,,,,,,,,,,,,,,,,,,,,,,
198,,,,,,,,,,,,,,,,,,,,,,,,,,,,,,,,,,,,,,,,,,,,,,,,,,,,,,,,,,,,,,,,,,,,,,,,,,,
199,,,,,,,,,,,,,,,,,,,,,,,,,,,,,,,,,,,,,,,,,,,,,,,,,,,,,,,,,,,,,,,,,,,,,,,,,,,
200,,,,,,,,,,,,,,,,,,,,,,,,,,,,,,,,,,,,,,,,,,,,,,,,,,,,,,,,,,,,,,,,,,,,,,,,,,,
