Filtro,Cl,NO3,SO4,Na,NH4,Mg,C Orgánico,C Elemental,C Total,S,Ca,V,Cr,Fe,Cu,As,Se,Sr,Hg,Pb,Zn,Mn,Mo,Ni,Ti,Sb,OCPk1 C,OCPk2 C,OCPk3 C,OCPk4 C,OCPk5 C,OCPk6 C,OCPk7 C,OCPk8 C,Pyrol C,ECPk1 C,ECPk2 C,ECPk3 C,ECPk4 C,ECPk5 C,ECPk6 C,PM2.5,Na,Mg,Al,K,Co,Ag,Cd,Ba,Hg-ICPcr
Unidad,ug/m3,ug/m3,ug/m3,ug/m3,ug/m3,ug/m3,ug/m3,ug/m3,ug/m3,ug/m3,ug/m3,ug/m3,ug/m3,ug/m3,ug/m3,ug/m3,ug/m3,ug/m3,ug/m3,ug/m3,ug/m3,ug/m3,ug/m3,ug/m3,ug/m3,ug/m3,ug/m3,ug/m3,ug/m3,ug/m3,ug/m3,ug/m3,ug/m3,ug/m3,ug/m3,ug/m3,ug/m3,ug/m3,ug/m3,ug/m3,ug/m3,ug/m3,ug/m3,ug/m3,ug/m3,ug/m3,ug/m3,ug/m3,ug/m3,ug/m3,ug/m3
Método,C. Ionica y TXRF,C. Ionica,C. Ionica,C. Ionica,C. Ionica,C. Ionica,Método Niosh,Método Niosh,Método Niosh,TXRF,TXRF+ICPcr,TXRF+ICPcr,TXRF+ICPcr,TXRF+ICPcr,TXRF+ICPcr,TXRF+ICPcr,TXRF+ICPcr,TXRF,ICP-MS,ICP-MS+ICPcr,ICP-MS+ICPcr,ICP-MS+ICPcr,ICP-MS+ICPcr,ICP-MS y TXRF,ICP-MS+ICPcr,ICP-MS+ICPcr,Método Niosh,Método Niosh,Método Niosh,Método Niosh,Método Niosh,Método Niosh,Método Niosh,Método Niosh,Método Niosh,Método Niosh,Método Niosh,Método Niosh,Método Niosh,Método Niosh,Método Niosh,Gravimetría,ICP CR,ICP CR,ICP CR,ICP CR,ICP CR,ICP CR,ICP CR,ICP CR,ICP CR
1,0.5525027405,0.5274096049,0.6863620225,0.5572677831,0.1788753989,,4.160081144,1.245979982,3.047119429,1.016740481,0.8109344959,0.004113544694,0.007808701466,0.4106573492,0.006933349535,,0.0006391112782,0.00416386733,,0.00882745,0.02957861,0.00883071,0.00113613,0.00327721,0.00664306,0.00144358,1.499668379,0.6344780563,0.6305859423,1.285406384,0.009946788594,0,0,0,0.09999609318,0.02358159103,0.09018399108,0.6526757548,0.5112068898,0.0264557623,0.006908768346,22.20510306,,,,,,,,,
2,0.5578692055,0.6589126792,0.6030114793,0.49922077,0.1315666827,,6.866859006,0.7980010133,5.406061126,0.5757711459,1.046859033,,0.001733541813,0.2569114399,0.006767653305,0.003725575901,0.0005588363851,0.003042077405,,0.04575529,0.03448369,0.00666061,0.00044451,0.00181028,0.00850819,0.00447016,2.189826148,1.330297772,0.7237320057,1.295149156,0.03002205052,0,0,0,1.297831861,0.1211543,0.3514098708,1.242773718,0.3053945942,0.02332562099,0.02120314233,21.43393864,,,,,,,,,
3,0.168620251,0.4340416733,0.3925731907,0.5121679597,0.1222015692,,7.444438731,1.612772238,7.664860019,0.4284127449,0.7124669287,,0.005659846373,0.2282941274,0.004075899976,0.0004353386106,0.0004353386106,0.00298755345,,0.00493324,0.03050161,0.00973073,0.00048616,0.00366572,0.00825917,0.00099404,2.730049983,1.431474403,0.7081775134,1.319386459,0.02417946622,0,0,0,1.231168818,0.1181233052,0.343107175,1.533188761,0.7645262394,0.02988066316,0.01939212405,21.74089159,,,,,,,,,
4,0.09077890174,0.2878199528,0.4577795599,0.2882656591,0.2454458588,,3.484148731,0.697417476,9.057210969,0.3724645475,0.4736937232,,0.003032577045,0.1009002646,0.00228954316,0.0007575397086,0.0003030158834,0.002744066985,,0.00330141,0.00360493,0.00314474,0.00011208,0.00089598,,0.00112077,1.19943813,0.6277579652,0.4019322064,0.7977659039,0.009256816864,0,0,0,0.4479967683,0.02721257719,0.09812691237,0.563817407,0.4023162733,0.02199771564,0.007077886417,10.41760498,,,,,,,,,
5,0.2784725409,0.2303462351,0.4753372723,0.3331815383,0.1738574833,,6.701284151,2.333297635,4.181566207,0.2845899413,0.705652382,0.001609368989,0.005759719996,0.2211975703,0.007137797295,0.006514841494,0.001818095301,0.002592559043,,0.09091159,0.18124845,0.00724071,0.00070291,0.00270309,0.01510501,0.00650719,2.147511076,1.421675225,0.6743216404,1.186971612,0.0293144837,0,0,0,1.241490078,0.1008475923,0.3881083058,1.990968991,0.9946972885,0.04914294881,0.02615738933,15.33430093,,,,,,,,,
6,0.09833069945,0.3625959678,0.3224340156,0.3067468225,,,6.419954894,0.7078226838,9.034581786,0.2476220035,,,,0.1196872493,0.005925733761,0.0004545238252,,0.001835019335,,0.00531386,0.02779977,0.00924223,0.00024352,0.00255034,0.00039824,0.003796,1.96510111,1.450791903,0.6391974842,0.9999423284,0.02625954293,0,0,0,1.338662823,0.1307478052,0.3171391213,1.1802214,0.3563248199,0.0203463164,0.01684098531,19.36071818,,,,,,,,,
7,0.4281711977,0.7849224746,0.4992901779,0.3408458706,0.3287577662,,10.13956058,1.913906076,7.127777578,0.3439810544,,,0.004699164404,0.2449843171,0.01016795613,0.005757301785,0.003030158834,0.001532003451,,0.09056243,0.03003431,0.00584706,0.00053008,0.00143947,0.00842695,0.01462136,2.999916377,2.230950182,0.9317391873,1.090879072,0.03298077573,0,0,0,2.853093521,0.2938508794,0.6495674018,2.817520608,0.9224805256,0.03688386717,0.02183141576,30.5445212,,,,,,,,,
8,0.1179968393,0.1442861133,0.3749908765,0.3189808322,0.1943113049,,3.83888906,0.9606164994,12.05346665,0.3654951822,0.8080717506,0.002972940465,,0.2430147139,0.002138035218,0.0003030158834,0.0001515079417,0.003047082869,,0.00273199,0.02060817,0.00975108,0.0002992,0.00268757,0.02734678,0.00092887,1.020433316,0.969572398,0.54625415,0.7135688574,0.007709069392,0,0,0,0.5813505493,0.05751513893,0.1321996102,0.620468438,0.6647874901,0.03482334541,0.007308259754,21.02391595,,,,,,,,,
9,0.1685781511,0.4205210498,0.2983648338,0.3155391131,0.1633811357,,5.683858388,0.8633699967,4.799505559,0.3370116891,0.6317165064,0.001912384873,,0.1081726458,0.005016686111,0.002727142951,,0.002592559043,0.001423781,0.01025639,0.02565493,0.00206821,0.00021164,0.00019097,0.00269048,0.00760964,1.75849386,1.114248001,0.5259587782,0.8624826967,0.01566178947,0,0,0,1.407014552,0.1338287062,0.2655788282,1.300703815,0.5063576343,0.02284784674,0.0162027282,14.43471618,,,,,,,,,
10,0.2337124065,0.2180089449,0.327433894,0.3425522691,0.09453656554,,6.216087083,1.013706038,6.547228385,0.300801291,,,,0.2022590776,0.006986289353,0.0007575397086,0.0003030158834,0.001986527277,,0.00528532,0.01326415,0.00545556,0.00040161,0.00131651,0.00104275,0.00330188,1.953431303,1.397009546,0.6400293083,1.077473435,0.0317440403,0,0,0,1.116398747,0.09635451315,0.3107411053,1.281635218,0.3784026718,0.0204271789,0.01767929625,16.58286252,,,,,,,,,
11,0.1507522911,0.351902446,0.4466023077,0.3144979208,0.06659963852,,5.505345608,1.316621428,7.229793121,0.300801291,,,,0.1819570134,0.00850136877,0.001515079417,0.0001515079417,0.002592559043,,0.0100987,0.03072942,0.00738014,0.00030446,0.00234815,0.00907844,0.00459819,1.431289774,1.141245561,0.5298887449,1.044506537,0.02344790834,0,0,0,1.334967053,0.1138571752,0.3293785027,1.597105824,0.5496711123,0.02086308432,0.01584759387,14.54328675,,,,,,,,,
12,0.3017879512,0.348468266,0.6819641503,0.3543524486,0.05936596992,,3.388846723,1.722542103,6.821967036,0.5965447933,0.6547457135,,0.002123529395,0.4487624988,0.00319859081,0.002121111184,0.001666587359,0.00228954316,,0.01568251,0.07334858,0.0044817,0.00049825,0.0022653,0.00730025,0.00321436,1.459850117,0.5703712474,0.3125289312,0.602384968,0.005376135502,0,0,0,0.4383348122,0.04308089574,0.1351858553,0.8705763982,1.01648137,0.06048737073,0.01020022731,13.28955514,,,,,,,,,
14,0.1407402856,0.4044893418,0.4822097288,0.3325335934,0.1659026834,,5.36634427,0.6616842498,4.509934356,0.4860291742,0.787834592,0.001758039108,0.002721250394,0.09149307828,0.002889291176,0.002118273361,,0.001678849255,,0.02622694,0.05804161,0.00685463,0.00043114,0.00184437,0.01549383,0.00228743,1.479181014,1.195787133,0.5247316174,0.9184130271,0.02398031935,0,0,0,1.224250822,0.1298833473,0.3323654962,1.074914927,0.2942377527,0.01651133436,0.0131905472,12.49989012,,,,,,,,,
15,0.4380027751,0.3634937515,0.5714510691,0.3981303517,0.03010455852,,7.416791895,2.39385032,6.02802852,0.6452992894,0.7096390279,,0.001958052232,0.2028685244,0.006510423662,0.0009067194467,0.0003022398156,0.003034665783,,0.00858978,0.07553721,0.0091524,0.00084675,0.00345286,0.01147858,0.00194145,2.585781688,1.119770728,0.5354989739,0.909801337,0.0333095191,0,0,0,2.232627973,0.1716339686,0.5952897456,2.950056183,0.845190517,0.02296718444,0.01653928673,21.49606282,,,,,,,,,
16,0.1362617304,0.3749988428,0.5001676262,0.2910151023,0.1096997163,,4.754108985,0.7537807882,9.810642216,0.2696486769,0.4892458184,,,0.04422130178,0.002752241557,0.001062462992,,,,0.00557655,0.00982376,0.00244218,0.00030139,0.00022802,0.00721024,0.00222602,1.274192991,0.9740289557,0.6661405262,1.435137568,0.01770929779,0,0,0,0.3868996575,0.03347800123,0.1215153196,0.6771843822,0.2683197371,0.0111022339,0.004171327432,14.33378342,,,,,,,,,
18,0.16449449,0.6574667828,0.4261274975,0.2795471942,0.2251205938,,6.001964395,0.669130181,6.671094576,0.2006143132,,,,0.09348509548,0.006472320128,0.001955552512,,0.001508225291,,0.01860235,0.04333283,0.01018253,0.00037666,0.00184914,0.00554629,0.00735123,1.785748022,1.198843623,0.5208888438,0.8242454014,0.02151464907,0,0,0,1.650724161,0.2107391211,0.413476841,1.314242154,0.322173414,0.02073002448,0.01380545053,17.47322697,,,,,,,,,
19,0.6958667614,1.494875415,1.445229258,0.3431858507,1.50726121,,10.47648691,2.140303952,12.61679086,1.2400868,1.161680177,0.001150758417,0.002561706231,0.2959136177,0.02267690999,0.005288474345,0.003324183874,0.004091700146,,0.08157505,0.18103946,0.00776963,0.00096061,0.00351352,0.01359514,0.01769132,3.119535499,1.802399143,0.7386972094,1.243360105,0.03758612564,0,0,0,3.534911519,0.2989290645,0.7205838282,3.62076893,0.9660205898,0.02655098415,0.01756259516,38.93872937,,,,,,,,,
20,0.1885583141,0.3625833031,0.5324728557,0.2554129285,0.0905341802,,3.234031984,1.183596122,4.417628107,0.3028772994,,,0.01183306133,0.1207295998,0.00326373962,0.002170676094,0.00132652428,,,0.02979996,0.08664793,0.00530181,0.00042213,0.01205323,0.00302754,0.00411311,1.160262973,0.4473361031,0.2622729796,0.4778904494,0.007502782887,0,0,0,0.8787670212,0.07252551409,0.2109113554,1.181762546,0.5554578379,0.01607632896,0.005838365196,12.58602065,,,,,,,,,
21,0.3036003495,1.986785758,0.9187285079,0.2601163291,1.009958891,,6.6436364,0.5970423731,7.240678774,0.8959295709,0.7745242408,,,0.1512750641,0.003604919444,0.00199171763,0.0005690621801,0.002039998449,,0.01931961,0.05515961,0.00578976,0.00123068,0.00124768,0.00236622,0.00483449,1.847245223,1.110016924,0.5442122658,0.8208584921,0.01703621151,0,0,0,2.304266629,0.305959542,0.6851128085,1.610777033,0.2556525847,0.01204086484,0.00841785175,29.14726788,,,,,,,,,
24,0.1566034225,0.8671668609,1.042777993,0.3129532082,0.8104137496,,5.319332971,1.126928459,6.44626143,0.6246890115,1.025712904,,0.002873193001,0.1314540359,0.002133159536,0.001361883739,0.0004539612464,0.002738441197,,0.0060159,0.07021757,0.00893176,0.00050971,0.00256721,0.0109929,0.0015256,1.707233386,0.791506606,0.5367116088,1.233488946,0.02777616853,0,0,0,1.022615222,0.07966841083,0.298818585,1.326292258,0.3998403364,0.01233835367,0.007751721606,19.07702429,,,,,,,,,
25,0.1580975944,0.5432959577,0.6906350971,0.2894770332,0.263388266,,2.385025836,0.9599137737,3.34493961,0.653578057,0.7206308284,,0.002899997498,0.03710773665,0.008126791761,0.001985592606,0.0009927963028,0.002028185901,,0.01953549,0.04442746,0.00210068,0.0001349,,0.00033527,0.00268942,0.9453536366,0.2834363161,0.3667939816,1.010851858,0.009738862283,0,0,0,-0.2311501531,0.01143514655,0.04812254925,0.3820704911,0.2557565145,0.006756900452,0.001345797801,11.95650931,,,,,,,,,
26,0.1275108133,0.2902276548,0.2995663939,0.2612176238,0.06204589713,,3.247148036,0.4954479392,3.742595975,0.1517950572,,,,0.01780233549,,0.0005364651661,0.0001341162915,,,0.005947,0.02748245,0.00221517,0.00015064,0.00146161,0.00115181,0.00193664,0.8743809853,0.592609765,0.394328579,0.6157872731,0.009857816031,0,0,0,0.7601828497,0.06837894238,0.1777978962,0.6764325719,0.2842950482,0.01680126836,0.009914525269,6.018173802,,,,,,,,,
27,0.1132581778,0.5050618334,0.5014005486,0.2700092356,0.2592920877,,4.051121233,1.151989496,5.20311073,0.4205987861,0.8500045584,,,0.08003158643,0.009609262545,0.0007506864349,0.004954530471,0.002552810056,,0.00249869,0.00514677,0.00268282,0.00044401,0.001216,0.01215696,0.00099927,1.359931299,0.6416976668,0.4196278397,0.7871525031,0.01746888516,0,0,0,0.8252424573,0.05741989452,0.2152270044,1.101194278,0.5500699034,0.01764571645,0.01103488621,12.5186744,,,,,,,,,
28,0.4464358923,3.121579527,1.304960119,0.2979953948,1.46073898,,8.606024953,1.276468113,9.882493066,1.155908021,0.9786831643,0.002438180224,,0.07436359028,0.02043067708,0.002176544593,0.0006218698838,0.003173787804,,0.0199606,0.06162465,0.00345088,0.00050869,0.00339804,0.00825938,0.00596358,2.410216086,1.372230188,0.6907587164,1.027131966,0.02306618664,0,0,0,3.082620558,0.2960061286,0.726864543,2.607747859,0.6689533892,0.02175050509,0.01225172823,31.85472204,,,,,,,,,
29,0.13955315,0.2619684932,0.3072742314,0.2467858627,0.03109828514,,3.550340638,0.5120945023,4.062435141,0.1681324859,0.8744820373,,0.003210723171,0.117358565,0.003999418003,0.0005949322328,0.0001487330582,0.001917155189,,0.00350801,0.05671159,0.00802296,0.00032431,0.00039877,0.01447225,0.00214372,1.049014551,0.6955986888,0.3444871612,0.5557759851,0.01196888996,0,0,0,0.8934940095,0.08630576947,0.2056368267,0.8029662739,0.2627849219,0.01533801992,0.008147247731,9.145758543,,,,,,,,,
30,0.1444089898,0.2701438808,0.2682739327,0.2635101347,0.06717485725,,2.361260752,0.659092295,3.020353047,0.1510032663,0.3985351568,,0.002687111376,0.03590222861,0.001563942819,,0.0004206392607,,,0.00201928,0.00379142,0.00094122,0.00032879,0.00148488,0.00750729,0.00157263,0.7935925232,0.4309456017,0.3181690044,0.7061147045,0.006115791488,0,0,0,0.1063215071,0.01311047188,0.05405787177,0.4094788587,0.258450524,0.006175992878,0.001128925212,7.243890267,,,,,,,,,
33,0.1148505832,0.4840601285,0.2473228903,0.2815978081,0.2428884223,,4.901689651,0.7716182136,5.673307864,0.1669825949,,,,0.03893841558,,,,0.0005112178824,,7.6544E-05,,0.00214247,0.00013787,0.00037545,0.00027201,0.00033918,1.599772859,0.8308331087,0.4178309041,0.6935491389,0.01347711493,0,0,0,1.346225802,0.1194509704,0.3467804835,1.175564896,0.4129628426,0.02472870415,0.01305578574,16.72576266,,,,,,,,,
34,0.1860676054,1.371363069,0.7502836928,0.2648274562,1.318405699,,8.151271604,1.588756775,9.740028378,0.7570495162,0.8610782984,0.001147862963,,0.1019475307,0.006493363423,0.001055668051,0.0003016194432,0.001667452331,,0.00653966,0.04909036,0.00485953,0.00064159,0.00517689,0.01292097,0.00146616,2.453866267,1.441959594,0.6340636565,1.177069117,0.02548603295,0,0,0,2.418825774,0.260364491,0.6987937718,2.246513776,0.732576488,0.02715705447,0.01742648507,33.27533799,,,,,,,,,
35,0.2266852078,1.902277035,0.8281270407,0.2473937967,2.617122637,,6.156569545,1.24084832,7.397417865,1.062529319,1.072956408,0.002784602872,,0.1272182137,0.005387027878,0.001497541488,0.0002995082977,0.00254169905,,0.00783683,0.06514256,0.00323675,0.00051506,0.00291978,0.01011111,0.00313304,2.271432012,0.8914580472,0.5000904573,0.9701784855,0.02348732723,0,0,0,1.49992185,0.1625319197,0.393701403,1.550589917,0.5774529711,0.023030564,0.008886188412,25.02966752,,,,,,,,,
36,0.1281999358,0.2985926851,0.3223936305,0.2544354508,0.8471057509,,3.975638634,0.7300071131,4.705645748,0.2319596073,0.434406615,,,0.07669933678,,0.0004502905774,,0.001350862775,,0.0015838,0.0262759,0.00532749,0.00045207,0.00183802,0.01087605,0.00047508,1.323664838,0.7110071316,0.3913766363,0.8138349879,0.01691330828,0,0,0,0.7188426809,0.06154242873,0.1745722299,0.7707446223,0.3844453575,0.02401965954,0.008892028823,11.83409399,,,,,,,,,
37,0.1253656226,0.206196279,0.2632001326,0.256367474,0.02449554573,,3.775842164,0.6140109143,4.389853079,0.2133401633,0.2279047,0.00110014,0.00123098,0.1438669535,0.01922504,0.00029974,,0.001655471895,,0.00444697,0.04022603,0.00676351,0.0002093,0.00224182,0.01988724,0.00079806,0.7840355655,0.8004950327,0.414688149,0.720451814,0.007383521365,0,0,0,1.048787292,0.1056460133,0.7078063208,0.6679134337,0.1507031621,0.01454807973,0.01618107386,12.04923844,0.6885357,0.12871752,0.2353063,0.3918091,0.00114457,0.00216616,0.00038136,0.0039867,0.00039892
38,0.1852796309,0.4073801326,0.1491586723,0.223256983,0.08348986594,,4.276386447,0.9881621564,5.264548603,0.1725798659,0.21426815,0.00059755,0.00080528,0.07845522101,0.03715867,0.00053221,0.00072399,0.001486872022,,0.02325189,0.08383627,0.00356026,0.00035649,0.000219,0.0060716,0.00485935,1.034743118,0.6523293645,0.2967389725,0.4768733117,0.00631383068,0,0,0,1.809388833,0.1252210874,0.9319721671,1.507692425,0.2046221749,0.01389669919,0.01414640846,8.92210097,0.8697409,0.13971336,0.13730327,0.5501805,0.0002626,0.00213883,0.00071659,0.00504124,0.00034873
39,0.161951288,0.5288239941,0.1162016529,0.2427616825,0.0814173636,,3.430327479,0.6822302818,4.11255776,0.09882927811,0.22946507,0.00059697,0.00026904,0.04505868262,0.01016999,0.00062465,,,,0.0045943,0.01994361,0.00230168,0.00019272,,0.00329032,0.00331719,0.8584396811,0.5603694974,0.287140575,0.5512838507,0.005513773512,0,0,0,1.167579195,0.08177437643,0.6610680929,0.916368428,0.1712687572,0.009241532701,0.01008832666,18.39301218,0.6138075,0.10478365,0.05680187,0.13903921,,0.00598869,0.00025185,0.00370805,0.00045103
40,0.2831131717,0.9249404341,0.3982462656,0.2780024456,0.4597028717,,6.820825181,1.173383523,7.994208704,0.5684174113,0.16016671,0.00155705,0.00338455,0.08842556726,0.01926111,0.00067147,0.0007716,0.001951833092,,0.01186781,0.08945387,0.00638323,0.00053322,0.00046992,0.01505882,0.00731006,1.722007705,1.130542239,0.4447639483,0.6905931274,0.008404913538,0,0,0,2.824514302,0.1956407391,1.389377039,2.082908458,0.2991959701,0.01695555573,0.01382030573,26.91963812,0.705719,0.14652679,0.13598404,0.54772603,0.00022531,0.00508244,0.00147071,0.00502661,0.00032743
41,0.1286495866,0.1309075962,0.07127444479,0.2347460526,0.01592907327,,2.360897515,0.425500904,2.786398419,0.12197247,0.57901512,0.00111767,0.00172559,0.25473053,0.02190029,0.00026143,,0.00491697,,0.00210949,0.03076128,0.00998751,0.00015152,0.00010594,0.03391262,0.00129253,0.571392389,0.5935781654,0.2564424039,0.4997266853,0.003859729009,0,0,0,0.4358980222,0.04211543292,0.1976548515,0.4716792481,0.1256945353,0.01590608798,0.008348646941,14.03174438,1.1201414,0.09876621,0.36248995,1.04268961,0.00034306,0.00177687,0.00026329,0.00809348,0.0002833
42,0.110916578,0.2689139495,0.1223499195,0.2902211419,0.02955672646,,2.690361656,0.3378061562,3.028167812,0.28158331,0.73731318,0.00087331,0.00013918,0.10383486,0.0334437,0.00029265,,0.0048521,,0.00139147,0.0204889,0.00417855,0.00023042,0.00013015,0.01619287,0.00046504,0.5785231965,0.6264661541,0.283294621,0.5475825556,0.004563331451,0,0,0,0.6499323681,0.04996224372,0.3894248886,0.4052411116,0.1231526354,0.01296143152,0.006996649512,9.923280448,2.0619789,0.27193608,0.25607776,1.86637137,0.00039603,0.0028947,0.00037938,0.00312567,
43,0.2974006838,0.3927878018,0.4616504104,0.3022636533,0.1527421985,,3.397881716,1.338739552,4.736621269,0.47363647,0.65554201,0.00318424,0.00118983,0.12742504,0.04556329,0.00069478,0.00064582,0.00311138,,0.00739808,0.0307096,0.00492458,0.00044706,0.00173732,0.01270926,0.00366356,1.007800636,0.6480699804,0.2695837044,0.5453194303,0.004775286655,0,0,0,0.9223331744,0.07391215414,0.5188676294,1.298396056,0.3399965305,0.01910339559,0.01079718345,9.430819562,1.8834678,0.15160923,0.20549518,1.58801024,0.00091159,0.00177001,0.00043963,0.01293523,
44,0.1239531855,0.4957332615,0.1180716755,0.3216976492,0.04520413227,,3.97380039,0.3346195379,4.308419928,,,0.00164723,0.00232906,0.14452794,0.08134258,0.00041551,,,,0.00388476,0.07536183,0.00457909,0.00076098,0.01345125,0.00873269,0.00149219,0.9216174854,1.133711474,0.3814632034,0.6257707976,0.006413701177,0,0,0,0.9048241841,0.0830936461,0.5941886548,0.4326457835,0.09292818551,0.02498131785,0.01160592799,9.159936428,2.1596524,0.24609102,0.25675217,1.74508396,0.00041321,0.002385,0.00023031,0.00483541,
45,0.3667407422,0.4876062993,0.2508035214,0.3905640307,0.1950074411,,6.148328193,1.478830149,7.627158342,,0.45634494,0.00081445,0.01111492,0.25220006,0.05629164,0.00053809,0.00055003,,,0.03944336,0.11527872,0.00785987,0.00234152,0.01390662,0.00925478,0.00660374,1.739780548,0.9984332859,0.433164352,0.6514580623,0.007802777652,0,0,0,2.31769026,0.1525855604,1.178048197,2.057325905,0.3641857038,0.02371288332,0.02066200213,17.18478963,1.9726827,0.24327378,0.22059634,1.20107476,0.00046349,0.00417803,0.000728,0.01034082,
46,0.2908095396,3.401664441,0.8880130304,0.3092345738,1.679299713,,16.70262657,1.36743373,18.0700603,,0.20550365,0.00645811,0.00123472,0.18982706,0.04056192,0.00100899,0.00027649,,,0.04938054,0.05683092,0.00525831,0.00121512,0.00980924,0.00694851,0.00373705,3.459333251,3.500332099,1.23161366,1.281819832,0.01286817432,0,0,0,7.216660221,0.7018860306,4.998559996,2.661363167,0.1688344447,0.02387521129,0.0295735625,51.2999153,0.6137298,0.13406343,0.1401033,0.98685338,0.00035787,0.00382488,0.00056537,0.00533057,
47,0.2743699152,0.7514877982,0.5226777546,0.3042285536,0.28862353,,2.963506542,0.9483892072,3.91189575,,0.39294801,0.00156657,0.00177334,0.1794887,0.07910223,0.00064261,0.00169832,,,0.05297216,0.08216345,0.0051041,0.00064061,0.00324839,0.00771888,0.00245439,0.8909809294,0.4396384893,0.1912177277,0.5152181344,0.005299860084,0,0,0,0.921151133,0.0671533319,0.50414088,1.041532212,0.2304996624,0.01304994896,0.01316435003,12.97184345,1.112803,0.15002514,0.23758649,0.2434186,0.00029082,0.00339185,0.00029885,0.00600795,
48,0.3565077917,1.341615841,0.5329209309,0.2982441119,0.5971449948,,11.40717539,2.202721561,13.60989695,,0.16068685,0.00567905,0.00379765,0.27728806,0.02213933,0.00075116,,,,0.0132592,0.10379292,0.00909154,0.0014246,0.00530337,0.00906503,0.00464529,2.635489111,1.893205628,0.6764285598,0.7909741011,0.0111075407,0,0,0,5.399973814,0.4303340967,3.263913073,3.564159768,0.3018754992,0.02157380875,0.02083840093,35,0.9420264,0.07982899,0.12777866,0.65777037,0.00029362,0.00198034,0.00091887,0.01278039,
49,0.1374046662,0.6823295916,0.4952862526,0.251544549,0.3358658246,,4.952998824,0.7819655518,5.734964376,,0.23994179,0.00261247,0.00088454,0.08597012,0.01126077,0.00031118,,,,0.0088936,0.08519538,0.00408756,0.00052232,0.00342618,0.00336909,0.00064402,1.152442277,1.014447568,0.3906258139,0.6385362328,0.007790045989,0,0,0,1.749156223,0.1896094126,1.297151671,0.9024341208,0.1204754767,0.01073596379,0.01071503745,15.05178113,1.1871795,0.10922699,0.08414811,0.61069835,0.00014623,0.00116425,0.00033722,0.00371095,0.00013839
50,0.1076141506,0.5265467785,0.5813273848,0.2583269465,0.4233238868,,8.593441381,0.7302368296,9.323678211,,0.30563325,0.00085708,0.00285133,0.15059999,0.01303912,0.00043881,,,,0.00737626,0.05431043,0.00417945,0.0005473,0.00165596,0.00763312,0.00079981,1.712884988,2.030270302,0.7056564903,0.8825151211,0.008485012768,0,0,0,3.253631089,0.257903412,1.971590177,1.534354646,0.1804278432,0.01856433411,0.02102684735,25.98598775,0.9966318,0.10069666,0.16209881,0.67394029,0.00017118,0.00131907,0.00021556,0.00565833,
51,0.7547763971,0.5872622266,0.1106761049,0.3204691568,0.3838507843,,11.41398817,0.8035305788,12.21751875,,,0.00095148,0.00167717,0.26214287,0.06845619,0.00107968,,,,0.01390237,0.11075178,0.00686205,0.00070461,0.01363707,0.01248494,0.00888388,2.851300126,2.898417149,1.029468574,0.7961367119,0.009512154536,0,0,0,3.829151896,0.3066028148,2.192538945,1.926200863,0.1434076141,0.02795805813,0.03597327269,27.4796657,1.920576,0.27790508,0.38571073,1.05376722,0.00046786,0.0012182,0.00122968,0.00808316,0.00021557
52,0.4842033258,0.4056833812,0.07898245608,0.3212260288,0.1116794244,,5.07726491,0.6269493943,5.704214304,,0.2818188,0.00073776,0.00177296,0.14712261,0.02135652,0.00066471,,,,0.01586747,0.05850059,0.00590036,0.00060121,0.00048516,0.00824409,0.00442702,1.121999733,0.9021199793,0.4451997094,0.5752588414,0.007826432282,0,0,0,2.024861935,0.1646153168,1.392358696,0.9111620783,0.1404818956,0.02117268573,0.02202044047,19.24889436,0.7726111,0.04137908,0.16468919,0.94932838,0.00020092,0.00165204,0.00061619,0.0038563,
53,0.3299670989,0.5410350219,0.6968155772,0.3117361291,0.2670350379,,3.4196235,0.9229267512,4.342550251,,0.14399972,0.00422875,0.00172833,0.17728722,0.00764,0.00045599,,,,0.00797193,0.04797148,0.00282326,0.00077618,0.00253592,0.00671194,0.00154847,0.9243955698,0.6971422382,0.2830989362,0.5871275339,0.005518867022,0,0,0,0.9223403565,0.08786385801,0.6689585551,0.9127003572,0.1593631406,0.009767777878,0.006613671442,17.66388718,1.1505644,0.15338808,0.23070712,0.86167888,0.00019447,0.00113076,,0.00549225,0.00029707
54,0.09377229219,0.3594322777,0.2867606377,0.252726152,0.1096462447,,2.020502418,0.900632065,2.921134483,,,0.00060424,0.00162824,0.11284435,0.01268011,0.00023745,,,,0.01511614,0.04861278,0.00340094,0.0005631,0.00207663,0.00272825,0.00093814,0.5989165616,0.2731403602,0.1831965763,0.4937848953,0.003201952772,0,0,0,0.4682619774,0.02513367473,0.1916098322,0.8289475057,0.3085860475,0.008706481134,0.005910455911,11.25464314,0.6835504,,0.07961637,0.38762592,0.000287,0.00272915,0.00022537,0.00234187,
55,0.1894464084,1.244103484,0.2889445325,0.2808396347,0.4677578081,,5.407677398,0.7507718157,6.158449214,,0.20984824,0.00111661,0.00407782,0.19736799,0.01944018,0.00049334,,,,0.02721482,0.10629116,0.00711686,0.00143167,0.01284614,0.01385961,0.00516143,1.300042832,1.065981839,0.3702766441,0.6563984006,0.007871730387,0,0,0,2.007106034,0.1699383674,1.292491288,1.12252491,0.1469315174,0.01401613245,0.01197576354,19.31506885,0.7097271,0.11112028,0.2620547,0.32562719,0.00018899,0.0011702,0.0006936,0.00637121,0.00022364
56,0.1870061197,1.279354339,0.3020674158,0.261120071,0.4363387241,,5.251788686,0.6708569464,5.922645633,,0.25170941,0.00287547,0.00112823,0.12755529,0.00716655,0.00026605,,,,0.01331466,0.04831385,0.0030609,0.00047543,0.00273273,0.0097021,0.00113201,1.028166279,1.542694608,0.5463234488,0.7085827991,0.00712222071,0,0,0,1.418900184,0.1543785166,0.976319976,0.7821561335,0.1389156424,0.01994593776,0.01804081446,14.71869148,1.1498275,0.15899541,0.21566905,0.16916578,0.00014942,1.48E-05,0.00018494,0.00740842,
57,0.30140939,0.5558253649,0.2203262146,0.2962452095,0.1105180561,,7.752081173,0.6933659462,8.445447119,,,0.00158795,0.00090424,0.18123195,0.00424,0.00026807,,,,0.00517629,0.02189405,0.00622031,0.00041295,0.00158603,0.00938581,0.00079993,1.477420593,1.834435802,0.6921698623,0.731654178,0.009712746422,0,0,0,3.006690035,0.3558150271,2.192033232,0.9846399455,0.1158078173,0.02413904014,0.02762023701,22.79002978,0.1347249,,0.07249692,0.45057533,0.00015968,,0.00019584,0.00297866,
58,0.1741110712,0.2040937936,0.2129931249,0.2938858807,0.0569345558,,4.004470823,0.3956255454,4.400096368,,0.30986523,0.00167372,0.00090953,0.27537778,0.00325232,0.00029767,,,,0.00424476,0.00828026,0.0076483,0.00035768,7.48E-05,0.02222076,0.00107981,0.672832414,1.21936871,0.4533724284,0.5928132181,0.006852998919,0,0,0,1.059231944,0.1289746151,0.7254085376,0.4607555339,0.0947167715,0.0235216118,0.02148028356,20.42322191,0.7711814,0.03227176,0.37185583,2.26827459,0.00018783,0.00183397,,0.00723213,0.00077229
59,0.1850189786,0.5496516884,0.3186439444,0.2802903348,0.212718632,,7.333516006,0.7678842532,8.101400259,,0.04182499,0.0038835,0.00259535,0.1699318,0.00623724,0.00041589,,,,0.01325472,0.02706144,0.00573649,0.00077922,0.00092228,0.00826825,0.00378215,1.533625402,1.930164767,0.6326640679,0.7451762881,0.01167119798,0,0,0,2.480213881,0.231768995,1.632344825,1.146030145,0.18315308,0.02862757926,0.02617342229,22.08468126,0.6513624,0.02428921,0.12236879,0.22897296,0.00013382,,0.00025,0.00435869,
60,,,,,,,,,,,,,,,,,,,,,,,,,,,,,,,,,,,,,,,,,,,,,,,,,,,
61,0.3830419091,0.2869219538,0.3142221114,0.3178606347,0.06358924788,,3.216510792,0.6767000505,3.893210843,,,0.00167512,0.00054588,0.06245328,0.00087656,,,,,0.00065047,,0.0015422,0.00036876,4.36E-05,0.0037508,0.00070342,0.6630992076,0.8545858772,0.386492677,0.5420473031,0.0072924479,0,0,0,0.762992297,0.07518983421,0.5175670714,0.6636966501,0.1589769776,0.01384707088,0.01041482818,14.0861413,1.1430294,0.0749853,0.05798066,0.07327931,0.00019605,,,0.00237563,
62,0.1467392031,0.4781111209,0.5620214724,0.2672725678,0.223876516,,5.229767824,0.999775647,6.229543471,,,0.00125908,0.00064658,0.0805018,0.00322267,0.00041721,,,,0.01928806,0.01111176,0.00292101,0.00035653,,0.00500385,0.00184283,1.002283611,1.305665518,0.4611967171,0.7071084852,0.006410126761,0,0,0,1.747102787,0.1836610159,1.163397221,1.204851465,0.1602638526,0.01897487312,0.01572996943,21.58634054,0.0162657,0.0178953,0.08089488,0.12168458,,3.48E-05,0.00033677,0.00112134,
63,0.3146914286,0.2307974528,0.7082070152,0.2880661593,0.1024863044,,1.958446596,0.9007544564,2.859201053,,,0.00203064,0.00057832,0.07012615,0.00030749,0.00022931,,,,0.00508173,0.00218075,0.00172674,0.00033307,0.00225201,0.00399812,0.00032474,0.5617967108,0.5175544133,0.1760948661,0.3902906567,0.002436347941,0,0,0,0.3102725893,0.02326317141,0.1559933315,0.6735325374,0.3079297545,0.03721693729,0.01309152107,16.05041647,0.2323837,0.03282893,0.04619263,0.03497655,,,0.00022462,0.001628,
64,0.09868734369,0.2189761629,0.4083339332,0.2559204823,0.1763745087,,2.668337443,0.5018320937,3.170169536,,,0.00124259,0.0001697,0.06886886,0.00022085,0.00021118,,,,0.00174753,0.00578014,0.00218215,0.00029012,0.0019669,0.00324088,0.0001694,0.5309667218,0.862758797,0.2661251077,0.5155338104,0.004011611731,0,0,0,0.4889414375,0.04789255664,0.2712771282,0.5077991802,0.1378292397,0.01697966556,0.00899576252,11.53608104,,,,0.09995444,,,,,
65,0.114291263,0.4101355994,0.4018441148,0.2532378514,0.1076022797,,4.128463105,1.376982242,5.505445346,,,0.00082385,0.00022711,0.06358805,0.00133572,0.00022488,,,,0.00297093,0.07991147,0.00287561,0.00037726,0.00236764,0.00381713,0.00046696,1.063106308,1.015549207,0.3526771404,0.6244134458,0.00572433167,0,0,0,1.066991944,0.09396603388,0.5698594387,1.347423136,0.4037928081,0.0165458988,0.01238686699,14.97393743,,0.0069421,0.04052147,0.07570282,0.00016345,,,0.00122507,
66,0.2136720111,0.2483550042,0.6647614698,0.2830609605,0.06802311757,,1.950784692,0.9791453149,2.929930007,,,0.00073774,0.00018415,0.0115186,0.00221185,0.00027242,,,,0.00623546,0.01004034,0.00090886,0.00034851,0.00090789,,0.00075356,0.6783595119,0.2805299607,0.1683238103,0.4122937462,0.002127469542,0,0,0,0.4091502358,0.01960592115,0.1678712637,0.8442356516,0.3401401079,0.01099912606,0.005443747039,6.839177682,,,,0.01809867,0.00015386,,,,
67,0.2730619098,0.5702910536,0.3915596406,0.3056338608,0.1380474138,,8.744526019,2.124839158,10.86936518,,,0.00055165,0.00308241,0.19524941,0.02334187,0.00048266,,,,0.02376064,0.05190552,0.00530945,0.00067293,0.00104747,0.00529747,0.0062705,1.825403074,1.983526356,0.7187431948,0.8150356889,0.01000912919,0,0,0,3.391807278,0.2455387047,1.858205601,3.057255028,0.3127511707,0.02216229879,0.02073450117,25.20201077,,,0.03115098,0.13908989,0.00014922,,0.00057677,0.00615615,
68,0.1699316065,0.7048627117,0.4542178587,0.2802732095,0.1713533927,,3.150503675,0.9157130215,4.066216697,,0.11546039,0.00155894,0.00196017,0.07419408,0.00446144,0.00020608,,,,0.00935678,0.01677034,0.00274078,0.00056444,0.00034403,0.00355374,0.00134096,0.977449372,0.5616041757,0.2561509549,0.551632208,0.005951793867,0,0,0,0.7977146428,0.06953580843,0.5006807294,0.9242732944,0.2016509345,0.01002182829,0.007265150885,14.20400299,0.0175407,0.05951673,0.06147761,0.05954969,,,,0.00173795,
69,,,,,,,,,,,,,,,,,,,,,,,,,,,,,,,,,,,,,,,,,,,,,,,,,,,
70,0.1521074951,0.447430183,0.31725607,0.2455676288,0.1247874161,,,,,,,,,,,,,,,,,,,,,,,,,,,,,,,,,,,,,14.06916619,,,,,,,,,
71,0.1268227866,0.9043487566,1.205373454,0.2591876201,0.4531519734,,,,,,,,,,,,,,,,,,,,,,,,,,,,,,,,,,,,,20.29260323,,,,,,,,,
72,0.1339685817,0.2739277959,0.5518506215,0.2559335438,0.1189337689,,,,,,,,,,,,,,,,,,,,,,,,,,,,,,,,,,,,,10.88498703,,,,,,,,,
73,0.1438032677,0.2330021718,0.2514905908,0.1839313687,0.08610247765,,,,,,,,,,,,,,,,,,,,,,,,,,,,,,,,,,,,,8.012516733,,,,,,,,,
74,0.1168194936,0.4350334381,0.3026755053,0.1988873149,0.1477289,,,,,,,,,,,,,,,,,,,,,,,,,,,,,,,,,,,,,16.70395563,,,,,,,,,
75,0.2169355111,0.3935817476,0.7565459861,0.3407739766,0.1270201924,,,,,,,,,,,,,,,,,,,,,,,,,,,,,,,,,,,,,15.75947346,,,,,,,,,
76,0.2154386723,0.2168097158,0.5428304052,0.3153642274,0.09629518662,,,,,,,,,,,,,,,,,,,,,,,,,,,,,,,,,,,,,10.90611827,,,,,,,,,
77,0.1413975499,0.4275358154,0.5520561414,0.294332962,0.1001627865,,,,,,,,,,,,,,,,,,,,,,,,,,,,,,,,,,,,,12.23956597,,,,,,,,,
78,0.1436813031,0.2343345853,0.4154105922,0.3278920152,0.07448606736,,,,,,,,,,,,,,,,,,,,,,,,,,,,,,,,,,,,,14.59185925,,,,,,,,,
79,0.2417838343,0.5305545205,1.04423099,0.3437972908,0.3340119442,,,,,,,,,,,,,,,,,,,,,,,,,,,,,,,,,,,,,14.72612199,,,,,,,,,
80,0.3180981826,0.209743286,0.4480734878,0.3158928587,0.04071563242,,,,,,,,,,,,,,,,,,,,,,,,,,,,,,,,,,,,,9.610554539,,,,,,,,,
81,0.1882376084,0.3396612525,0.4196881649,0.2896377162,0.1386308139,,,,,,,,,,,,,,,,,,,,,,,,,,,,,,,,,,,,,11.46145587,,,,,,,,,
82,0.176041493,0.4812224339,0.5070520838,0.297639497,0.06954311038,,,,,,,,,,,,,,,,,,,,,,,,,,,,,,,,,,,,,24.20822953,,,,,,,,,
83,0.1540654018,0.2823080804,0.3996256327,0.2946228309,0.04679538301,,,,,,,,,,,,,,,,,,,,,,,,,,,,,,,,,,,,,9.341300369,,,,,,,,,
84,0.1665613714,0.379910096,0.3975144087,0.2835533664,0.05991083211,,,,,,,,,,,,,,,,,,,,,,,,,,,,,,,,,,,,,8.763859912,,,,,,,,,
85,0.1892469335,0.4805490625,0.6042850828,0.2910398618,0.1152919347,,,,,,,,,,,,,,,,,,,,,,,,,,,,,,,,,,,,,13.50040351,,,,,,,,,
86,0.1804420874,0.3755825644,0.621765149,0.3156268167,0.1002504835,,,,,,,,,,,,,,,,,,,,,,,,,,,,,,,,,,,,,23.37356965,,,,,,,,,
87,0.1319074022,0.4364275327,0.4488076305,0.2335226724,0.09488890073,,,,,,,,,,,,,,,,,,,,,,,,,,,,,,,,,,,,,12.62663707,,,,,,,,,
88,0.1341885365,0.3754153666,0.6460787329,0.3076445072,0.1225616982,,,,,,,,,,,,,,,,,,,,,,,,,,,,,,,,,,,,,4.185312238,,,,,,,,,
89,0.1643979291,0.3123148456,0.5290206253,0.2979280462,0.07139951224,,,,,,,,,,,,,,,,,,,,,,,,,,,,,,,,,,,,,11.06130026,,,,,,,,,
90,0.1723906957,0.4051804159,0.4736802992,0.2949997781,0.1144617684,,,,,,,,,,,,,,,,,,,,,,,,,,,,,,,,,,,,,8.78328042,,,,,,,,,
91,0.1564530522,0.5129766518,1.073311891,0.3739620564,0.2143005077,,,,,,,,,,,,,,,,,,,,,,,,,,,,,,,,,,,,,11.01187185,,,,,,,,,
92,0.1419030814,0.2335673216,0.7919678832,0.4107868695,0.1554620213,,,,,,,,,,,,,,,,,,,,,,,,,,,,,,,,,,,,,NA,,,,,,,,,
93,0.3334727353,0.4603687233,0.6690533374,0.4709982942,0.1188029655,,,,,,,,,,,,,,,,,,,,,,,,,,,,,,,,,,,,,NA,,,,,,,,,
94,0.2243677651,0.3532395074,0.4529757545,0.4204946659,0.1453264631,,,,,,,,,,,,,,,,,,,,,,,,,,,,,,,,,,,,,NA,,,,,,,,,
95,,,,,,,,,,,,,,,,,,,,,,,,,,,,,,,,,,,,,,,,,,21.63170239,,,,,,,,,
96,,,,,,,,,,,,,,,,,,,,,,,,,,,,,,,,,,,,,,,,,,20.6903128,,,,,,,,,
97,,,,,,,,,,,,,,,,,,,,,,,,,,,,,,,,,,,,,,,,,,NA,,,,,,,,,
98,,,,,,,,,,,,,,,,,,,,,,,,,,,,,,,,,,,,,,,,,,16.76672176,,,,,,,,,
99,,,,,,,,,,,,,,,,,,,,,,,,,,,,,,,,,,,,,,,,,,13.86244201,,,,,,,,,
100,,,,,,,,,,,,,,,,,,,,,,,,,,,,,,,,,,,,,,,,,,12.19228012,,,,,,,,,
101,,,,,,,,,,,,,,,,,,,,,,,,,,,,,,,,,,,,,,,,,,18.95443787,,,,,,,,,
102,,,,,,,,,,,,,,,,,,,,,,,,,,,,,,,,,,,,,,,,,,22.49345524,,,,,,,,,
103,,,,,,,,,,,,,,,,,,,,,,,,,,,,,,,,,,,,,,,,,,NA,,,,,,,,,
104,,,,,,,,,,,,,,,,,,,,,,,,,,,,,,,,,,,,,,,,,,19.72567955,,,,,,,,,
105,,,,,,,,,,,,,,,,,,,,,,,,,,,,,,,,,,,,,,,,,,28.70268344,,,,,,,,,
106,,,,,,,,,,,,,,,,,,,,,,,,,,,,,,,,,,,,,,,,,,NA,,,,,,,,,
107,,,,,,,,,,,,,,,,,,,,,,,,,,,,,,,,,,,,,,,,,,16.31451792,,,,,,,,,
108,,,,,,,,,,,,,,,,,,,,,,,,,,,,,,,,,,,,,,,,,,27.00600634,,,,,,,,,
109,,,,,,,,,,,,,,,,,,,,,,,,,,,,,,,,,,,,,,,,,,19.24584335,,,,,,,,,
110,,,,,,,,,,,,,,,,,,,,,,,,,,,,,,,,,,,,,,,,,,18.92579139,,,,,,,,,
111,,,,,,,,,,,,,,,,,,,,,,,,,,,,,,,,,,,,,,,,,,NA,,,,,,,,,
112,,,,,,,,,,,,,,,,,,,,,,,,,,,,,,,,,,,,,,,,,,23.80170279,,,,,,,,,
113,,,,,,,,,,,,,,,,,,,,,,,,,,,,,,,,,,,,,,,,,,18.72380083,,,,,,,,,
114,,,,,,,,,,,,,,,,,,,,,,,,,,,,,,,,,,,,,,,,,,20.10931912,,,,,,,,,
115,,,,,,,,,,,,,,,,,,,,,,,,,,,,,,,,,,,,,,,,,,15.75127974,,,,,,,,,
116,,,,,,,,,,,,,,,,,,,,,,,,,,,,,,,,,,,,,,,,,,-9.183673469,,,,,,,,,
117,,,,,,,,,,,,,,,,,,,,,,,,,,,,,,,,,,,,,,,,,,,,,,,,,,,
118,,,,,,,,,,,,,,,,,,,,,,,,,,,,,,,,,,,,,,,,,,,,,,,,,,,
119,,,,,,,,,,,,,,,,,,,,,,,,,,,,,,,,,,,,,,,,,,,,,,,,,,,
120,,,,,,,,,,,,,,,,,,,,,,,,,,,,,,,,,,,,,,,,,,,,,,,,,,,
