date,date,ws,temp,rh,pres,blh
2018-12-31 12:00:00,2019-01-01 05:30:00,2.3,298.27500000000003,74.75,1009.25,373.5126851025616
2019-01-01 12:00:00,2019-01-01 23:30:00,2.2375,301.71250000000003,76.0,1007.9583333333334,516.2116039134777
2019-01-02 12:00:00,2019-01-02 23:30:00,3.1375,295.96250000000003,73.625,1008.0,617.2922412410002
2019-01-03 12:00:00,2019-01-03 23:30:00,2.0125,295.05,50.375,1010.0833333333334,599.0187582805603
2019-01-04 12:00:00,2019-01-04 23:30:00,2.5875,298.7291666666667,50.75,1010.2916666666666,493.79647500888495
2019-01-05 12:00:00,2019-01-05 23:30:00,2.6875,299.4916666666667,56.625,1008.875,538.9337599668597
2019-01-06 12:00:00,2019-01-06 23:30:00,1.9125,297.55833333333334,75.0,1006.4166666666666,450.45197095467756
2019-01-07 12:00:00,2019-01-07 23:30:00,1.65,298.46666666666664,76.0,1006.75,406.373178194975
2019-01-08 12:00:00,2019-01-08 23:30:00,2.0375,301.34166666666664,61.375,1008.0416666666666,590.4434685444545
2019-01-09 12:00:00,2019-01-09 23:30:00,2.4375,297.3208333333333,63.75,1008.6666666666666,646.5006141929238
2019-01-10 12:00:00,2019-01-10 23:30:00,2.9625,292.1083333333333,68.375,1011.875,610.0116184330044
2019-01-11 12:00:00,2019-01-11 23:30:00,2.85,295.71666666666664,56.125,1011.75,613.0947721788851
2019-01-12 12:00:00,2019-01-12 23:30:00,2.95,298.43333333333334,69.125,1010.375,580.541306235261
2019-01-13 12:00:00,2019-01-13 23:30:00,1.675,296.325,84.75,1010.0416666666666,420.4191334913207
2019-01-14 12:00:00,2019-01-14 23:30:00,2.3,297.45,78.5,1009.75,573.8146205208842
2019-01-15 12:00:00,2019-01-15 23:30:00,1.775,294.6375,91.625,1008.625,393.81727073960525
2019-01-16 12:00:00,2019-01-16 23:30:00,2.3625,297.4916666666667,67.375,1010.0,466.44529425068464
2019-01-17 12:00:00,2019-01-17 23:30:00,3.5874999999999995,292.0416666666667,66.5,1012.6666666666666,974.4829026474857
2019-01-18 12:00:00,2019-01-18 23:30:00,2.0625,293.18333333333334,70.0,1012.9166666666666,765.837558136897
2019-01-19 12:00:00,2019-01-19 23:30:00,3.075,295.45,61.0,1012.75,703.749368705574
2019-01-20 12:00:00,2019-01-20 23:30:00,3.15,297.07916666666665,60.5,1010.5833333333334,758.8854329076756
2019-01-21 12:00:00,2019-01-21 23:30:00,1.925,300.62083333333334,57.5,1009.5833333333334,564.3311315964025
2019-01-22 12:00:00,2019-01-22 23:30:00,2.9,302.3041666666667,61.125,1009.2916666666666,471.73131411305116
2019-01-23 12:00:00,2019-01-23 23:30:00,3.0124999999999997,298.675,72.875,1010.875,475.87081301420585
2019-01-24 12:00:00,2019-01-24 23:30:00,2.9,299.6333333333333,70.25,1010.5833333333334,739.0875494182843
2019-01-25 12:00:00,2019-01-25 23:30:00,2.175,296.875,90.625,1009.4166666666666,353.9660056439971
2019-01-26 12:00:00,2019-01-26 23:30:00,2.5,301.075,74.5,1010.0416666666666,401.76347687714355
2019-01-27 12:00:00,2019-01-27 23:30:00,2.1125,302.0083333333333,74.125,1009.0416666666666,397.7656828138914
2019-01-28 12:00:00,2019-01-28 23:30:00,2.8249999999999997,304.77916666666664,64.25,1008.625,550.3581757620069
2019-01-29 12:00:00,2019-01-29 23:30:00,3.3375,302.075,70.5,1008.0416666666666,506.4726168721718
2019-01-30 12:00:00,2019-01-30 23:30:00,2.1875,298.83750000000003,69.125,1009.125,506.4253819262042
2019-01-31 12:00:00,2019-01-31 23:30:00,1.85,300.50416666666666,68.5,1009.4166666666666,374.5862066018238
2019-02-01 12:00:00,2019-02-01 23:30:00,3.525,300.35833333333335,65.125,1010.0416666666666,592.989861540704
2019-02-02 12:00:00,2019-02-02 23:30:00,4.425,293.65416666666664,55.625,1013.7916666666666,1169.926079760147
2019-02-03 12:00:00,2019-02-03 23:30:00,1.875,294.8541666666667,58.875,1013.9166666666666,840.2304509927635
2019-02-04 12:00:00,2019-02-04 23:30:00,1.2,295.87916666666666,61.875,1013.0416666666666,625.6077387742847
2019-02-05 12:00:00,2019-02-05 23:30:00,2.0625,297.69166666666666,60.375,1011.5,787.896277903736
2019-02-06 12:00:00,2019-02-06 23:30:00,2.6875,299.1791666666667,62.75,1009.7083333333334,726.3963782540081
2019-02-07 12:00:00,2019-02-07 23:30:00,2.3125,300.875,61.0,1008.5833333333334,598.0847945762027
2019-02-08 12:00:00,2019-02-08 23:30:00,2.3,301.25,66.0,1008.375,455.80669619299664
2019-02-09 12:00:00,2019-02-09 23:30:00,0.7125,301.3666666666667,63.125,1007.875,340.85830813800675
2019-02-10 12:00:00,2019-02-10 23:30:00,2.125,301.84999999999997,60.5,1006.5416666666666,512.907304738749
2019-02-11 12:00:00,2019-02-11 23:30:00,4.0375,291.78333333333336,61.625,1011.9583333333334,1049.4533500699542
2019-02-12 12:00:00,2019-02-12 23:30:00,1.9749999999999999,292.7083333333333,51.375,1013.75,1036.0300372431814
2019-02-13 12:00:00,2019-02-13 23:30:00,1.725,294.46666666666664,57.875,1011.7916666666666,718.920374533146
2019-02-14 12:00:00,2019-02-14 23:30:00,0.6375,292.5833333333333,77.5,1011.1666666666666,412.81430719054765
2019-02-15 12:00:00,2019-02-15 23:30:00,1.225,296.1041666666667,67.75,1011.1666666666666,451.7509319687845
2019-02-16 12:00:00,2019-02-16 23:30:00,2.1125,298.9875,62.75,1010.9583333333334,427.1479662486956
2019-02-17 12:00:00,2019-02-17 23:30:00,2.125,299.9291666666667,64.625,1009.75,542.8735838691517
2019-02-18 12:00:00,2019-02-18 23:30:00,2.0375,301.1041666666667,62.375,1008.375,520.8921576502603
2019-02-19 12:00:00,2019-02-19 23:30:00,2.1875,304.29583333333335,54.5,1008.0416666666666,415.70852115255843
2019-02-20 12:00:00,2019-02-20 23:30:00,2.45,303.97499999999997,53.125,1008.5416666666666,533.203302203798
2019-02-21 12:00:00,2019-02-21 23:30:00,2.1681818181818184,303.07916666666665,60.59090909090909,1007.4583333333334,532.0267226406073
2019-02-22 12:00:00,2019-02-22 23:30:00,1.3541666666666667,299.27500000000003,81.75,1005.3333333333334,465.33527302044746
2019-02-23 12:00:00,2019-02-23 23:30:00,1.2249999999999999,295.8958333333333,86.375,1001.4166666666666,374.6592060637736
2019-02-24 12:00:00,2019-02-24 23:30:00,2.470833333333333,292.60833333333335,51.583333333333336,1007.7916666666666,786.6273754916077
2019-02-25 12:00:00,2019-02-25 23:30:00,2.2583333333333333,291.1125,54.416666666666664,1013.5,916.051127442649
2019-02-26 12:00:00,2019-02-26 23:30:00,2.004166666666667,291.55,45.833333333333336,1014.25,1022.8171346302632
2019-02-27 12:00:00,2019-02-27 23:30:00,1.7565217391304346,294.37083333333334,56.130434782608695,1011.7916666666666,728.7409492083958
2019-02-28 12:00:00,2019-02-28 23:30:00,2.225,294.90000000000003,61.708333333333336,1009.7916666666666,478.36352993549264
2019-03-01 12:00:00,2019-03-01 23:30:00,3.7541666666666664,298.2916666666667,58.708333333333336,1006.7083333333334,872.4854779595935
2019-03-02 12:00:00,2019-03-02 23:30:00,1.9208333333333334,295.4458333333333,60.041666666666664,1012.375,650.5091434711686
2019-03-03 12:00:00,2019-03-03 23:30:00,2.5416666666666665,296.4791666666667,68.5,1006.7083333333334,570.5811737651069
2019-03-04 12:00:00,2019-03-04 23:30:00,0.7208333333333333,294.27916666666664,82.79166666666667,1008.9583333333334,335.5551119316517
2019-03-05 12:00:00,2019-03-05 23:30:00,1.5541666666666665,297.40000000000003,75.08333333333333,1011.2916666666666,377.29148077996433
2019-03-06 12:00:00,2019-03-06 23:30:00,2.0083333333333333,301.75416666666666,66.45833333333333,1005.0416666666666,369.5041558243169
2019-03-07 12:00:00,2019-03-07 23:30:00,2.841666666666667,296.62083333333334,78.04166666666667,1007.2083333333334,577.5805339402959
2019-03-08 12:00:00,2019-03-08 23:30:00,3.6833333333333336,290.15833333333336,57.25,1021.875,1095.030778842627
2019-03-09 12:00:00,2019-03-09 23:30:00,2.2083333333333335,292.39166666666665,63.916666666666664,1023.7916666666666,958.6570487053633
2019-03-10 12:00:00,2019-03-10 23:30:00,2.975,293.95416666666665,61.583333333333336,1020.0833333333334,815.2667820489223
2019-03-11 12:00:00,2019-03-11 23:30:00,1.925,294.5625,73.83333333333333,1013.0416666666666,702.5835243573752
2019-03-12 12:00:00,2019-03-12 23:30:00,1.9947368421052631,410.1958333333334,88.57894736842105,1008.75,366.05815181168555
2019-03-13 12:00:00,2019-03-13 23:30:00,1.6166666666666667,381.09999999999997,81.88888888888889,1010.4166666666666,564.2516910054576
2019-03-14 12:00:00,2019-03-14 23:30:00,1.5260869565217392,295.59999999999997,76.8695652173913,1012.8333333333334,457.6660354297189
2019-03-15 12:00:00,2019-03-15 23:30:00,2.85,296.12916666666666,80.79166666666667,1013.75,581.6642097234889
2019-03-16 12:00:00,2019-03-16 23:30:00,2.4791666666666665,296.84999999999997,78.625,1011.25,463.38575797778753
2019-03-17 12:00:00,2019-03-17 23:30:00,1.0208333333333333,296.99583333333334,74.875,1006.25,298.6002078410526
2019-03-18 12:00:00,2019-03-18 23:30:00,2.316666666666667,295.9291666666667,61.541666666666664,1008.0,580.1204858075497
2019-03-19 12:00:00,2019-03-19 23:30:00,2.6041666666666665,288.7708333333333,67.83333333333333,1017.7916666666666,636.4588940888261
2019-03-20 12:00:00,2019-03-20 23:30:00,1.952173913043478,289.43333333333334,57.78260869565217,1020.125,822.8308145327231
2019-03-21 12:00:00,2019-03-21 23:30:00,1.2952380952380953,290.7375,64.57142857142857,1016.7916666666666,591.6522537526238
2019-03-22 12:00:00,2019-03-22 23:30:00,1.3875,291.53749999999997,66.125,1015.2916666666666,604.7105692696476
2019-03-23 12:00:00,2019-03-23 23:30:00,2.7875,294.28333333333336,59.416666666666664,1010.875,556.1294273420402
2019-03-24 12:00:00,2019-03-24 23:30:00,2.9375,289.96250000000003,60.833333333333336,1015.4583333333334,1040.7342084529475
2019-03-25 12:00:00,2019-03-25 23:30:00,2.5166666666666666,290.2791666666667,63.416666666666664,1019.4583333333334,811.8980715842384
2019-03-26 12:00:00,2019-03-26 23:30:00,1.6416666666666666,290.50416666666666,69.875,1023.9583333333334,698.5191719611693
2019-03-27 12:00:00,2019-03-27 23:30:00,2.9499999999999997,293.1083333333333,65.79166666666667,1024.2916666666667,666.7815823569836
2019-03-28 12:00:00,2019-03-28 23:30:00,2.5869565217391304,294.6875,69.52173913043478,1020.125,514.1504426348944
2019-03-29 12:00:00,2019-03-29 23:30:00,1.0916666666666666,296.3041666666667,76.45833333333333,1013.2083333333334,364.9567187534428
2019-03-30 12:00:00,2019-03-30 23:30:00,0.9666666666666667,297.925,72.625,1012.1666666666666,230.27056441301895
2019-03-31 12:00:00,2019-03-31 23:30:00,1.7916666666666667,297.48333333333335,69.75,1012.5416666666666,309.29033493070483
2019-04-01 12:00:00,2019-04-01 23:30:00,1.375,297.22083333333336,78.375,1009.9166666666666,292.48113529525864
2019-04-02 12:00:00,2019-04-02 23:30:00,2.908333333333333,297.6875,61.708333333333336,1008.5416666666666,528.0740164803241
2019-04-03 12:00:00,2019-04-03 23:30:00,1.8333333333333333,295.07916666666665,71.20833333333333,1002.75,414.1433268066343
2019-04-04 12:00:00,2019-04-04 23:30:00,3.829166666666666,291.0125,75.04166666666667,1006.7083333333334,896.4207133071417
2019-04-05 12:00:00,2019-04-05 23:30:00,1.5041666666666667,289.9291666666667,66.83333333333333,1018.4583333333334,663.9453385559328
2019-04-06 12:00:00,2019-04-06 23:30:00,1.7666666666666666,290.9458333333333,66.66666666666667,1017.3333333333334,449.7284174641749
2019-04-07 12:00:00,2019-04-07 23:30:00,1.425,293.25416666666666,63.666666666666664,1016.2916666666666,311.4652894882099
2019-04-08 12:00:00,2019-04-08 23:30:00,1.2750000000000001,294.89166666666665,62.541666666666664,1015.8333333333334,242.22529982880187
2019-04-09 12:00:00,2019-04-09 23:30:00,1.8333333333333333,296.25416666666666,61.083333333333336,1012.1666666666666,361.7855362446224
2019-04-10 12:00:00,2019-04-10 23:30:00,2.1125000000000003,293.72083333333336,75.70833333333333,1011.125,498.2043542848548
2019-04-11 12:00:00,2019-04-11 23:30:00,1.0041666666666667,288.3,73.75,1015.8333333333334,655.7307520435791
2019-04-12 12:00:00,2019-04-12 23:30:00,2.6750000000000003,291.2916666666667,62.75,1011.0,655.0973743590145
2019-04-13 12:00:00,2019-04-13 23:30:00,1.7458333333333333,294.125,67.33333333333333,1008.75,324.6094867251752
2019-04-14 12:00:00,2019-04-14 23:30:00,2.0125,295.0125,69.5,1014.125,391.5521403761622
2019-04-15 12:00:00,2019-04-15 23:30:00,1.9749999999999999,289.4291666666667,69.25,1020.6666666666666,558.6006738333418
2019-04-16 12:00:00,2019-04-16 23:30:00,2.120833333333333,292.4583333333333,69.5,1015.4583333333334,469.4618896636111
2019-04-17 12:00:00,2019-04-17 23:30:00,1.8083333333333333,293.6666666666667,66.29166666666667,1011.25,505.5794469847854
2019-04-18 12:00:00,2019-04-18 23:30:00,1.7958333333333334,294.1875,67.33333333333333,1008.2916666666666,372.03551951957706
2019-04-19 12:00:00,2019-04-19 23:30:00,1.9625000000000001,296.1666666666667,64.75,1008.0,381.950564086762
2019-04-20 12:00:00,2019-04-20 23:30:00,1.7208333333333332,290.22499999999997,72.66666666666667,1013.5,589.4687110231246
2019-04-21 12:00:00,2019-04-21 23:30:00,0.8208333333333333,289.2375,73.16666666666667,1016.125,420.0154894075979
2019-04-22 12:00:00,2019-04-22 23:30:00,1.6043478260869564,290.27916666666664,70.34782608695652,1018.75,557.0741262613911
2019-04-23 12:00:00,2019-04-23 23:30:00,1.2521739130434784,289.28333333333336,78.73913043478261,1019.5833333333334,492.65210109067135
2019-04-24 12:00:00,2019-04-24 23:30:00,3.25,291.84583333333336,76.625,1020.1666666666666,609.788325961158
2019-04-25 12:00:00,2019-04-25 23:30:00,3.670833333333333,291.575,81.5,1018.4166666666666,801.1242098176434
2019-04-26 12:00:00,2019-04-26 23:30:00,2.470833333333333,290.65833333333336,94.25,1010.5416666666666,546.2186768608525
2019-04-27 12:00:00,2019-04-27 23:30:00,0.8208333333333333,291.37083333333334,88.70833333333333,1009.6666666666666,278.9225587595782
2019-04-28 12:00:00,2019-04-28 23:30:00,1.7166666666666668,291.96250000000003,79.0,1008.5833333333334,387.65740437683934
2019-04-29 12:00:00,2019-04-29 23:30:00,2.0416666666666665,290.58750000000003,67.58333333333333,1013.75,513.3238310804625
2019-04-30 12:00:00,2019-04-30 23:30:00,1.7434782608695654,286.4916666666667,70.95652173913044,1016.7083333333334,501.76200453340965
2019-05-01 12:00:00,2019-05-01 23:30:00,2.9250000000000003,291.09583333333336,58.041666666666664,1007.6666666666666,483.98019441963197
2019-05-02 12:00:00,2019-05-02 23:30:00,1.6291666666666667,293.31666666666666,73.375,1003.9583333333334,365.8434475118331
2019-05-03 12:00:00,2019-05-03 23:30:00,2.0875,293.6458333333333,62.5,1010.5,296.41022398255797
2019-05-04 12:00:00,2019-05-04 23:30:00,2.85,292.40833333333336,85.0,1010.1666666666666,383.7283156895399
2019-05-05 12:00:00,2019-05-05 23:30:00,2.558333333333333,290.325,89.91666666666667,1014.25,432.8161597647996
2019-05-06 12:00:00,2019-05-06 23:30:00,1.7416666666666665,288.8875,74.41666666666667,1020.0,521.5963877537766
2019-05-07 12:00:00,2019-05-07 23:30:00,2.4166666666666665,289.5416666666667,78.16666666666667,1018.7916666666666,469.0324810639063
2019-05-08 12:00:00,2019-05-08 23:30:00,2.7416666666666667,290.69166666666666,76.33333333333333,1013.9166666666666,465.1377450645832
2019-05-09 12:00:00,2019-05-09 23:30:00,2.5541666666666667,290.40000000000003,92.70833333333333,1003.2916666666666,475.2589057596265
2019-05-10 12:00:00,2019-05-10 23:30:00,2.9333333333333336,287.675,76.75,1008.7916666666666,835.0281658073396
2019-05-11 12:00:00,2019-05-11 23:30:00,1.6041666666666667,287.92083333333335,69.08333333333333,1015.0833333333334,328.3796942305837
2019-05-12 12:00:00,2019-05-12 23:30:00,1.8,290.90000000000003,60.25,1017.4583333333334,283.5387012064052
2019-05-13 12:00:00,2019-05-13 23:30:00,2.4208333333333334,288.96250000000003,64.16666666666667,1024.625,522.884613552891
2019-05-14 12:00:00,2019-05-14 23:30:00,2.1625,288.25416666666666,69.04166666666667,1025.8333333333333,550.828378178684
2019-05-15 12:00:00,2019-05-15 23:30:00,1.0374999999999999,288.20416666666665,81.08333333333333,1023.0416666666666,574.3320578835287
2019-05-16 12:00:00,2019-05-16 23:30:00,3.6260869565217395,292.5833333333333,73.56521739130434,1017.5833333333334,508.75492357960303
2019-05-17 12:00:00,2019-05-17 23:30:00,3.158333333333333,293.25416666666666,73.54166666666667,1012.5833333333334,506.3352061202664
2019-05-18 12:00:00,2019-05-18 23:30:00,1.7916666666666667,291.9291666666667,82.33333333333333,1013.2916666666666,343.97796161486235
2019-05-19 12:00:00,2019-05-19 23:30:00,1.9583333333333333,286.5541666666666,84.45833333333333,1015.6666666666666,516.9158340169937
2019-05-20 12:00:00,2019-05-20 23:30:00,3.7363636363636363,288.09999999999997,80.9090909090909,1014.1666666666666,842.9378722139026
2019-05-21 12:00:00,2019-05-21 23:30:00,2.8375,286.09999999999997,76.625,1019.625,694.615847789852
2019-05-22 12:00:00,2019-05-22 23:30:00,1.2333333333333334,285.72083333333336,72.625,1018.9166666666666,392.6106325744347
2019-05-23 12:00:00,2019-05-23 23:30:00,0.7374999999999999,285.2916666666667,62.166666666666664,1015.4583333333334,316.3755768258348
2019-05-24 12:00:00,2019-05-24 23:30:00,1.9416666666666667,288.33750000000003,60.75,1012.3333333333334,286.9439114020646
2019-05-25 12:00:00,2019-05-25 23:30:00,2.4499999999999997,288.90416666666664,70.0,1010.0,429.082451990366
2019-05-26 12:00:00,2019-05-26 23:30:00,0.8958333333333334,289.15833333333336,87.16666666666667,1008.7083333333334,255.3952615817495
2019-05-27 12:00:00,2019-05-27 23:30:00,1.0291666666666666,288.21250000000003,85.125,1010.1666666666666,234.22971170229755
2019-05-28 12:00:00,2019-05-28 23:30:00,1.05,285.7375,79.54166666666667,1015.3333333333334,274.2291227648041
2019-05-29 12:00:00,2019-05-29 23:30:00,1.9416666666666667,284.9875,70.45833333333333,1016.9583333333334,501.93591501629015
2019-05-30 12:00:00,2019-05-30 23:30:00,2.1791666666666667,285.2083333333333,75.375,1016.5,598.3424397360251
2019-05-31 12:00:00,2019-05-31 23:30:00,1.3916666666666666,287.33750000000003,79.16666666666667,1014.5833333333334,312.0192265818292
2019-06-01 12:00:00,2019-06-01 23:30:00,1.1583333333333334,287.7916666666667,82.875,1016.5,241.88821407803357
2019-06-02 12:00:00,2019-06-02 23:30:00,0.9874999999999999,289.1375,76.375,1020.3333333333334,246.83929523263043
2019-06-03 12:00:00,2019-06-03 23:30:00,1.7541666666666667,288.2875,73.79166666666667,1022.25,211.93481720562207
2019-06-04 12:00:00,2019-06-04 23:30:00,3.6625,289.16249999999997,70.41666666666667,1017.7083333333334,590.5529677373793
2019-06-05 12:00:00,2019-06-05 23:30:00,3.279166666666667,289.77500000000003,75.33333333333333,1011.5833333333334,603.8946929302089
2019-06-06 12:00:00,2019-06-06 23:30:00,1.7458333333333333,290.0416666666667,77.08333333333333,1010.0416666666666,414.0875036886725
2019-06-07 12:00:00,2019-06-07 23:30:00,1.125,285.87083333333334,50.625,1016.4583333333334,409.33395048994004
2019-06-08 12:00:00,2019-06-08 23:30:00,2.1666666666666665,288.12916666666666,51.833333333333336,1016.375,275.3391439950412
2019-06-09 12:00:00,2019-06-09 23:30:00,1.6375,290.59166666666664,71.70833333333333,1011.7083333333334,307.3494080600389
2019-06-10 12:00:00,2019-06-10 23:30:00,1.9333333333333333,288.96666666666664,84.29166666666667,1014.6666666666666,278.5704437078201
2019-06-11 12:00:00,2019-06-11 23:30:00,2.4166666666666665,290.27500000000003,89.70833333333333,1009.0,381.13468774732286
2019-06-12 12:00:00,2019-06-12 23:30:00,1.8125,291.5416666666667,89.83333333333333,1008.6666666666666,201.0643385040938
2019-06-13 12:00:00,2019-06-13 23:30:00,2.1625,290.90833333333336,93.83333333333333,1007.75,356.0701077825509
2019-06-14 12:00:00,2019-06-14 23:30:00,3.0875,286.55,88.75,1014.8333333333334,509.98517921775755
2019-06-15 12:00:00,2019-06-15 23:30:00,4.420833333333333,287.18333333333334,93.20833333333333,1016.6666666666666,741.0091529019634
2019-06-16 12:00:00,2019-06-16 23:30:00,1.9791666666666667,290.14166666666665,96.33333333333333,1017.375,350.08200485966677
2019-06-17 12:00:00,2019-06-17 23:30:00,1.2083333333333333,286.65833333333336,94.41666666666667,1011.375,333.934094467766
2019-06-18 12:00:00,2019-06-18 23:30:00,3.2458333333333336,285.51666666666665,67.0,1008.3333333333334,1251.155157523316
2019-06-19 12:00:00,2019-06-19 23:30:00,1.6208333333333333,285.125,68.79166666666667,1016.6666666666666,583.4741669712449
2019-06-20 12:00:00,2019-06-20 23:30:00,2.1041666666666665,286.71250000000003,75.08333333333333,1018.2083333333334,296.28569548864357
2019-06-21 12:00:00,2019-06-21 23:30:00,1.0,288.66249999999997,85.41666666666667,1016.3333333333334,221.0296913473707
2019-06-22 12:00:00,2019-06-22 23:30:00,1.0541666666666667,290.95416666666665,84.29166666666667,1012.5,157.02204547536624
2019-06-23 12:00:00,2019-06-23 23:30:00,1.3791666666666667,288.425,90.70833333333333,1007.4583333333334,260.99689676489913
2019-06-24 12:00:00,2019-06-24 23:30:00,3.3625000000000003,286.40833333333336,84.20833333333333,1001.0,509.3883012641679
2019-06-25 12:00:00,2019-06-25 23:30:00,2.0625,281.6875,56.125,1011.0833333333334,865.314354344523
2019-06-26 12:00:00,2019-06-26 23:30:00,3.9,283.8333333333333,47.041666666666664,1011.0416666666666,587.8068997422669
2019-06-27 12:00:00,2019-06-27 23:30:00,2.6791666666666667,286.43333333333334,66.75,1007.8333333333334,423.84366707396674
2019-06-28 12:00:00,2019-06-28 23:30:00,1.3666666666666665,286.675,89.95833333333333,1005.7083333333334,280.37181278358196
2019-06-29 12:00:00,2019-06-29 23:30:00,1.8375000000000001,284.76666666666665,90.875,1009.25,478.1166199906623
2019-06-30 12:00:00,2019-06-30 23:30:00,2.0375,280.76666666666665,76.20833333333333,1018.1666666666666,686.5579954163909
2019-07-01 12:00:00,2019-07-01 23:30:00,2.6999999999999997,283.1958333333333,61.25,1008.25,600.4315125735892
2019-07-02 12:00:00,2019-07-02 23:30:00,2.9166666666666665,282.8541666666667,54.791666666666664,1006.375,1085.8543170669343
2019-07-03 12:00:00,2019-07-03 23:30:00,2.533333333333333,280.8666666666667,60.041666666666664,1012.875,662.4595848009548
2019-07-04 12:00:00,2019-07-04 23:30:00,3.2541666666666664,279.125,62.75,1021.2916666666666,834.3990822087721
2019-07-05 12:00:00,2019-07-05 23:30:00,1.6124999999999998,278.9916666666667,66.875,1026.9166666666667,475.61960898337884
2019-07-06 12:00:00,2019-07-06 23:30:00,1.4958333333333333,280.3958333333333,61.375,1025.8333333333333,335.76122805950996
2019-07-07 12:00:00,2019-07-07 23:30:00,2.408333333333333,283.33750000000003,55.875,1021.8333333333334,352.8731607577483
2019-07-08 12:00:00,2019-07-08 23:30:00,1.5791666666666666,285.05,64.83333333333333,1019.0,241.64774526219898
2019-07-09 12:00:00,2019-07-09 23:30:00,1.075,286.3208333333333,73.04166666666667,1016.5833333333334,134.32994802396354
2019-07-10 12:00:00,2019-07-10 23:30:00,0.775,285.58750000000003,82.33333333333333,1012.7083333333334,72.94598869615587
2019-07-11 12:00:00,2019-07-11 23:30:00,1.991666666666667,288.3833333333333,84.25,1009.375,159.86473040541222
2019-07-12 12:00:00,2019-07-12 23:30:00,1.6208333333333333,284.52916666666664,86.95833333333333,1013.7916666666666,266.9721174297922
2019-07-13 12:00:00,2019-07-13 23:30:00,0.7583333333333333,281.87083333333334,82.45833333333333,1016.875,257.4607169463298
2019-07-14 12:00:00,2019-07-14 23:30:00,0.9583333333333334,284.2916666666667,81.20833333333333,1017.4166666666666,151.81331916094658
2019-07-15 12:00:00,2019-07-15 23:30:00,0.7208333333333333,283.6375,71.16666666666667,1020.2916666666666,276.63595796614976
2019-07-16 12:00:00,2019-07-16 23:30:00,3.1125000000000003,285.7375,59.583333333333336,1021.375,367.8466386294562
2019-07-17 12:00:00,2019-07-17 23:30:00,2.9,287.1166666666667,66.08333333333333,1016.75,505.83923918760735
2019-07-18 12:00:00,2019-07-18 23:30:00,1.05,286.9291666666667,79.375,1017.9166666666666,173.72174591788777
2019-07-19 12:00:00,2019-07-19 23:30:00,1.5583333333333333,288.98333333333335,80.58333333333333,1012.125,146.1988017198056
2019-07-20 12:00:00,2019-07-20 23:30:00,3.283333333333333,292.7,77.875,1002.375,547.1869932531868
2019-07-21 12:00:00,2019-07-21 23:30:00,3.9,289.46250000000003,65.29166666666667,1005.875,734.3404373485472
2019-07-22 12:00:00,2019-07-22 23:30:00,2.35,284.73333333333335,61.25,1019.8333333333334,515.2110818761656
2019-07-23 12:00:00,2019-07-23 23:30:00,2.1999999999999997,282.625,67.0,1024.9166666666667,443.6200801333734
2019-07-24 12:00:00,2019-07-24 23:30:00,1.4458333333333335,284.1333333333333,63.208333333333336,1026.0,447.76387312052503
2019-07-25 12:00:00,2019-07-25 23:30:00,2.4583333333333335,284.825,91.66666666666667,1017.0833333333334,588.0795742030792
2019-07-26 12:00:00,2019-07-26 23:30:00,1.3166666666666667,285.0625,92.58333333333333,1020.375,332.84983775351117
2019-07-27 12:00:00,2019-07-27 23:30:00,1.325,285.6791666666667,76.125,1024.1666666666667,236.5871649146773
2019-07-28 12:00:00,2019-07-28 23:30:00,1.7708333333333333,286.15000000000003,78.83333333333333,1018.0833333333334,448.14389973126396
2019-07-29 12:00:00,2019-07-29 23:30:00,0.9416666666666668,285.0708333333333,80.83333333333333,1015.4583333333334,251.1097637566953
2019-07-30 12:00:00,2019-07-30 23:30:00,2.6458333333333335,287.1041666666667,75.33333333333333,1012.3333333333334,316.5408991367213
2019-07-31 12:00:00,2019-07-31 23:30:00,2.2708333333333335,288.9875,68.95833333333333,1006.2083333333334,326.4666789188987
2019-08-01 12:00:00,2019-08-01 23:30:00,3.908333333333333,284.575,46.958333333333336,1015.0,1026.4005493948
2019-08-02 12:00:00,2019-08-02 23:30:00,2.9499999999999997,283.93333333333334,47.541666666666664,1023.1666666666666,729.8123236646588
2019-08-03 12:00:00,2019-08-03 23:30:00,2.033333333333333,284.92083333333335,51.208333333333336,1025.9583333333333,316.84148515651464
2019-08-04 12:00:00,2019-08-04 23:30:00,3.983333333333333,286.65416666666664,49.75,1023.625,503.95413543490287
2019-08-05 12:00:00,2019-08-05 23:30:00,3.3125,288.15833333333336,55.583333333333336,1015.9166666666666,551.6292252171334
2019-08-06 12:00:00,2019-08-06 23:30:00,2.5833333333333335,289.1166666666667,61.833333333333336,1013.4166666666666,337.81380116609915
2019-08-07 12:00:00,2019-08-07 23:30:00,2.5208333333333335,285.6375,54.875,1021.5,437.27771511573275
2019-08-08 12:00:00,2019-08-08 23:30:00,3.15,283.8958333333333,68.875,1022.0833333333334,727.4291059362977
2019-08-09 12:00:00,2019-08-09 23:30:00,1.7666666666666666,281.09166666666664,79.70833333333333,1016.5416666666666,392.98421805617795
2019-08-10 12:00:00,2019-08-10 23:30:00,2.4499999999999997,285.76666666666665,55.666666666666664,1015.2916666666666,383.21302536989407
2019-08-11 12:00:00,2019-08-11 23:30:00,2.4875000000000003,286.5416666666667,66.70833333333333,1013.4583333333334,311.40087819825413
2019-08-12 12:00:00,2019-08-12 23:30:00,2.9499999999999997,281.35833333333335,65.04166666666667,1026.0416666666667,875.1800169227407
2019-08-13 12:00:00,2019-08-13 23:30:00,1.4833333333333334,279.425,60.5,1033.0416666666667,841.6904402317605
2019-08-14 12:00:00,2019-08-14 23:30:00,3.5375,282.82916666666665,60.875,1025.125,586.1472355044076
2019-08-15 12:00:00,2019-08-15 23:30:00,1.2833333333333334,286.72499999999997,69.5,1016.4166666666666,249.89668446252895
2019-08-16 12:00:00,2019-08-16 23:30:00,1.4666666666666668,289.1041666666667,75.08333333333333,1007.0833333333334,168.66545965636314
2019-08-17 12:00:00,2019-08-17 23:30:00,2.0791666666666666,284.975,74.54166666666667,1014.0416666666666,446.7504688252218
2019-08-18 12:00:00,2019-08-18 23:30:00,2.8208333333333333,280.5833333333333,56.125,1026.4166666666667,875.8863940692553
2019-08-19 12:00:00,2019-08-19 23:30:00,1.9166666666666667,280.7,57.291666666666664,1027.5416666666667,715.9553081521844
2019-08-20 12:00:00,2019-08-20 23:30:00,2.245833333333333,282.425,65.29166666666667,1028.25,619.5895772494212
2019-08-21 12:00:00,2019-08-21 23:30:00,2.4583333333333335,283.49583333333334,73.95833333333333,1025.7916666666667,472.9701579231996
2019-08-22 12:00:00,2019-08-22 23:30:00,0.6916666666666668,283.8333333333333,70.20833333333333,1024.6666666666667,190.09294878163496
2019-08-23 12:00:00,2019-08-23 23:30:00,1.9666666666666668,286.7583333333333,66.58333333333333,1021.375,237.5018052320486
2019-08-24 12:00:00,2019-08-24 23:30:00,2.470833333333333,288.09583333333336,67.25,1019.0833333333334,376.2587530976742
2019-08-25 12:00:00,2019-08-25 23:30:00,1.4833333333333334,289.1791666666667,77.125,1015.75,198.7498261516847
2019-08-26 12:00:00,2019-08-26 23:30:00,1.0416666666666667,291.0625,80.54166666666667,1017.3333333333334,182.73932651168948
2019-08-27 12:00:00,2019-08-27 23:30:00,3.2416666666666667,292.78749999999997,72.08333333333333,1015.4583333333334,354.6079715005558
2019-08-28 12:00:00,2019-08-28 23:30:00,3.0875,295.9291666666667,67.375,1005.125,525.3172132702191
2019-08-29 12:00:00,2019-08-29 23:30:00,1.9000000000000001,289.4458333333333,59.875,1011.5833333333334,306.6559131715157
2019-08-30 12:00:00,2019-08-30 23:30:00,1.3541666666666667,284.78333333333336,63.5,1015.2916666666666,282.0379181504367
2019-08-31 12:00:00,2019-08-31 23:30:00,1.5250000000000001,286.05,46.625,1017.25,530.9446129693514
2019-09-01 12:00:00,2019-09-01 23:30:00,1.8,283.41249999999997,48.875,1016.0,715.7406038523317
2019-09-02 12:00:00,2019-09-02 23:30:00,2.6695652173913045,282.2375,52.608695652173914,1018.6666666666666,856.5350955235566
2019-09-03 12:00:00,2019-09-03 23:30:00,1.925,282.33750000000003,46.5,1022.7916666666666,769.393061342454
2019-09-04 12:00:00,2019-09-04 23:30:00,2.1375,282.9583333333333,49.416666666666664,1029.25,949.7661436484746
2019-09-05 12:00:00,2019-09-05 23:30:00,3.408333333333333,283.6125,68.33333333333333,1024.5,800.1365700383225
2019-09-06 12:00:00,2019-09-06 23:30:00,2.5708333333333333,287.0625,76.54166666666667,1014.2083333333334,463.37716980579336
2019-09-07 12:00:00,2019-09-07 23:30:00,1.2416666666666667,287.3541666666667,80.16666666666667,1011.3333333333334,266.80894216190444
2019-09-08 12:00:00,2019-09-08 23:30:00,2.3125,287.73333333333335,82.54166666666667,1008.1666666666666,323.3126727540665
2019-09-09 12:00:00,2019-09-09 23:30:00,2.466666666666667,286.225,89.625,1011.25,537.3148895459725
2019-09-10 12:00:00,2019-09-10 23:30:00,1.8208333333333335,286.34999999999997,79.16666666666667,1017.3333333333334,440.4081038075812
2019-09-11 12:00:00,2019-09-11 23:30:00,2.0791666666666666,286.1458333333333,69.08333333333333,1016.4583333333334,388.67080867214275
2019-09-12 12:00:00,2019-09-12 23:30:00,1.2583333333333333,287.5625,56.416666666666664,1019.75,410.73167548197904
2019-09-13 12:00:00,2019-09-13 23:30:00,2.6791666666666667,288.075,69.66666666666667,1018.0416666666666,305.855066133066
2019-09-14 12:00:00,2019-09-14 23:30:00,2.0541666666666667,289.57916666666665,72.66666666666667,1008.4583333333334,329.47898024582827
2019-09-15 12:00:00,2019-09-15 23:30:00,2.841666666666667,290.31666666666666,60.5,1010.1666666666666,463.9826359313772
2019-09-16 12:00:00,2019-09-16 23:30:00,1.817391304347826,287.84583333333336,39.34782608695652,1015.0,472.5514845384876
2019-09-17 12:00:00,2019-09-17 23:30:00,2.1333333333333333,290.93333333333334,40.583333333333336,1007.0833333333334,445.1831274362991
2019-09-18 12:00:00,2019-09-18 23:30:00,2.875,291.0125,47.708333333333336,1002.25,544.1811330552529
2019-09-19 12:00:00,2019-09-19 23:30:00,1.9833333333333334,285.9,37.333333333333336,1012.9583333333334,699.7322512553355
2019-09-20 12:00:00,2019-09-20 23:30:00,1.55,288.8875,30.958333333333332,1016.6666666666666,673.5726793613161
2019-09-21 12:00:00,2019-09-21 23:30:00,2.404166666666667,290.1333333333333,32.083333333333336,1021.2916666666666,602.8684063769143
2019-09-22 12:00:00,2019-09-22 23:30:00,3.6333333333333333,287.6125,41.333333333333336,1025.75,509.450565511125
2019-09-23 12:00:00,2019-09-23 23:30:00,1.8583333333333334,289.5,52.0,1020.6666666666666,344.8689844592498
2019-09-24 12:00:00,2019-09-24 23:30:00,1.6041666666666667,293.9375,39.208333333333336,1018.2083333333334,214.54776853482602
2019-09-25 12:00:00,2019-09-25 23:30:00,1.4916666666666665,295.70416666666665,46.916666666666664,1016.25,264.7456338403225
2019-09-26 12:00:00,2019-09-26 23:30:00,3.3041666666666667,291.47083333333336,57.791666666666664,1020.5833333333334,435.2444653961304
2019-09-27 12:00:00,2019-09-27 23:30:00,3.704166666666667,289.375,66.0,1017.5833333333334,598.5807615088613
2019-09-28 12:00:00,2019-09-28 23:30:00,2.4458333333333333,292.2,63.0,1011.5416666666666,351.1061443699627
2019-09-29 12:00:00,2019-09-29 23:30:00,3.9416666666666664,296.4916666666667,51.875,1002.2083333333334,518.3822643849858
2019-09-30 12:00:00,2019-09-30 23:30:00,3.279166666666667,291.1125,74.75,1000.5416666666666,558.1304714166649
2019-10-01 12:00:00,2019-10-01 23:30:00,4.620833333333333,286.8333333333333,56.458333333333336,1009.875,883.9914813886844
2019-10-02 12:00:00,2019-10-02 23:30:00,3.9272727272727277,285.1041666666667,63.59090909090909,1021.4166666666666,966.6934306488398
2019-10-03 12:00:00,2019-10-03 23:30:00,3.891666666666667,286.675,75.54166666666667,1020.125,838.1628485851849
2019-10-04 12:00:00,2019-10-04 23:30:00,2.0333333333333337,286.90833333333336,89.25,1015.5,462.4389120154383
2019-10-05 12:00:00,2019-10-05 23:30:00,1.9041666666666668,288.85833333333335,58.666666666666664,1019.5833333333334,508.078605035068
2019-10-06 12:00:00,2019-10-06 23:30:00,3.870833333333333,290.97083333333336,48.75,1013.6666666666666,708.3569229804069
2019-10-07 12:00:00,2019-10-07 23:30:00,1.2958333333333334,291.9875,44.041666666666664,1012.8333333333334,435.93151915565795
2019-10-08 12:00:00,2019-10-08 23:30:00,1.4666666666666668,293.8958333333333,42.083333333333336,1014.0,503.05881850451834
2019-10-09 12:00:00,2019-10-09 23:30:00,2.316666666666667,295.0541666666667,67.83333333333333,1009.4166666666666,367.7779332535035
2019-10-10 12:00:00,2019-10-10 23:30:00,2.9499999999999997,296.2583333333333,69.75,1004.4583333333334,332.53851651872526
2019-10-11 12:00:00,2019-10-11 23:30:00,2.8249999999999997,292.93333333333334,85.54166666666667,1005.875,324.3303711353671
2019-10-12 12:00:00,2019-10-12 23:30:00,2.095833333333333,291.5416666666667,88.91666666666667,1006.125,307.08746881421894
2019-10-13 12:00:00,2019-10-13 23:30:00,4.4125000000000005,286.5625,55.416666666666664,1022.125,941.5086162761507
2019-10-14 12:00:00,2019-10-14 23:30:00,3.8833333333333333,284.40416666666664,62.083333333333336,1027.4583333333333,1166.1687545127306
2019-10-15 12:00:00,2019-10-15 23:30:00,2.983333333333333,286.1125,86.08333333333333,1023.5,877.7629096499655
2019-10-16 12:00:00,2019-10-16 23:30:00,4.095652173913043,289.37916666666666,85.82608695652173,1015.4166666666666,724.5821269202544
2019-10-17 12:00:00,2019-10-17 23:30:00,2.4458333333333333,289.6333333333333,88.0,1012.25,433.49247830933456
2019-10-18 12:00:00,2019-10-18 23:30:00,1.5791666666666666,291.2708333333333,57.291666666666664,1019.0,589.2948005402438
2019-10-19 12:00:00,2019-10-19 23:30:00,2.6083333333333334,290.8666666666667,60.791666666666664,1018.9583333333334,416.9903058226774
2019-10-20 12:00:00,2019-10-20 23:30:00,1.7708333333333333,288.40000000000003,77.20833333333333,1015.5833333333334,379.07996759773505
2019-10-21 12:00:00,2019-10-21 23:30:00,1.5333333333333332,288.75416666666666,70.08333333333333,1013.125,392.15760650174616
2019-10-22 12:00:00,2019-10-22 23:30:00,2.2125,290.2625,52.791666666666664,1012.5833333333334,752.3412458481743
2019-10-23 12:00:00,2019-10-23 23:30:00,1.9583333333333333,290.96666666666664,53.166666666666664,1012.1666666666666,698.866992926929
2019-10-24 12:00:00,2019-10-24 23:30:00,1.7333333333333334,295.05833333333334,45.458333333333336,1012.1666666666666,480.3237801931455
2019-10-25 12:00:00,2019-10-25 23:30:00,2.25,298.07916666666665,49.0,1010.2916666666666,440.53048525849727
2019-10-26 12:00:00,2019-10-26 23:30:00,3.016666666666667,297.79583333333335,50.375,1004.4583333333334,469.16559772981486
2019-10-27 12:00:00,2019-10-27 23:30:00,2.1166666666666667,295.70416666666665,73.95833333333333,1003.125,261.05701396885803
2019-10-28 12:00:00,2019-10-28 23:30:00,2.8874999999999997,290.325,84.95833333333333,1003.8333333333334,370.7644700644507
2019-10-29 12:00:00,2019-10-29 23:30:00,3.0416666666666665,291.1083333333333,75.16666666666667,1007.6666666666666,540.5483363017498
2019-10-30 12:00:00,2019-10-30 23:30:00,2.716666666666667,292.12916666666666,63.791666666666664,1015.75,661.9357063093145
2019-10-31 12:00:00,2019-10-31 23:30:00,3.8541666666666665,292.9,61.958333333333336,1015.125,681.8989121095924
2019-11-01 12:00:00,2019-11-01 23:30:00,2.3958333333333335,294.67083333333335,78.5,1007.7916666666666,379.2452899086213
2019-11-02 12:00:00,2019-11-02 23:30:00,3.1041666666666665,293.6791666666667,52.875,1010.2083333333334,568.9945089891975
2019-11-03 12:00:00,2019-11-03 23:30:00,2.1041666666666665,294.5083333333333,68.45833333333333,1004.5416666666666,416.67254345889575
2019-11-04 12:00:00,2019-11-04 23:30:00,1.1916666666666667,292.7,85.75,1006.4166666666666,281.65574449669947
2019-11-05 12:00:00,2019-11-05 23:30:00,1.6916666666666667,294.325,61.833333333333336,1013.125,432.16345869324806
2019-11-06 12:00:00,2019-11-06 23:30:00,2.6833333333333336,296.625,51.458333333333336,1010.3333333333334,489.61618229075833
2019-11-07 12:00:00,2019-11-07 23:30:00,3.6736842105263157,439.71666666666664,54.31578947368421,1011.4166666666666,623.361931797828
2019-11-08 12:00:00,2019-11-08 23:30:00,3.704166666666666,294.12916666666666,63.916666666666664,1012.0416666666666,476.2422514529507
2019-11-09 12:00:00,2019-11-09 23:30:00,2.9333333333333336,293.9875,68.04166666666667,1015.5416666666666,495.98431182438094
2019-11-10 12:00:00,2019-11-10 23:30:00,2.7708333333333335,294.325,59.291666666666664,1018.2083333333334,591.8819873534658
2019-11-11 12:00:00,2019-11-11 23:30:00,3.4791666666666665,294.95,67.125,1013.9166666666666,809.6952054677516
2019-11-12 12:00:00,2019-11-12 23:30:00,1.2666666666666668,297.4458333333333,68.0,1006.7916666666666,397.27615701022773
2019-11-13 12:00:00,2019-11-13 23:30:00,1.6458333333333333,299.0625,58.666666666666664,1005.375,375.23246654437975
2019-11-14 12:00:00,2019-11-14 23:30:00,2.5625,298.1333333333333,48.916666666666664,1010.1666666666666,745.668236208761
2019-11-15 12:00:00,2019-11-15 23:30:00,2.704166666666667,297.7625,51.041666666666664,1007.9583333333334,552.9045687582569
2019-11-16 12:00:00,2019-11-16 23:30:00,1.9166666666666667,295.25,73.25,1007.4166666666666,301.5158922330486
2019-11-17 12:00:00,2019-11-17 23:30:00,1.575,300.44166666666666,51.583333333333336,1008.2083333333334,401.17089300955087
2019-11-18 12:00:00,2019-11-18 23:30:00,1.5166666666666666,298.1666666666667,73.375,1012.25,368.7784552908156
2019-11-19 12:00:00,2019-11-19 23:30:00,2.029166666666667,300.3208333333333,55.416666666666664,1010.5416666666666,415.4873757237104
2019-11-20 12:00:00,2019-11-20 23:30:00,2.4250000000000003,301.71666666666664,61.25,1009.2083333333334,389.5145965705628
2019-11-21 12:00:00,2019-11-21 23:30:00,2.725,298.3041666666667,69.0,1008.7083333333334,431.2552595048724
2019-11-22 12:00:00,2019-11-22 23:30:00,3.1809523809523808,291.93333333333334,57.80952380952381,1016.625,878.6002564193901
2019-11-23 12:00:00,2019-11-23 23:30:00,4.666666666666667,293.03333333333336,56.25,1017.2916666666666,915.3254269091473
2019-11-24 12:00:00,2019-11-24 23:30:00,3.9375,294.6375,57.375,1009.5833333333334,1111.436334394351
2019-11-25 12:00:00,2019-11-25 23:30:00,1.95,292.6958333333333,83.79166666666667,1005.25,393.56606670877795
2019-11-26 12:00:00,2019-11-26 23:30:00,2.0124999999999997,294.0125,56.375,1009.2083333333334,676.5184223552905
2019-11-27 12:00:00,2019-11-27 23:30:00,1.4958333333333333,296.0208333333333,44.708333333333336,1010.9166666666666,792.3664214266637
2019-11-28 12:00:00,2019-11-28 23:30:00,3.3874999999999997,299.3541666666667,39.625,1005.9166666666666,736.56262685202
2019-11-29 12:00:00,2019-11-29 23:30:00,1.3416666666666668,295.3875,64.83333333333333,1004.375,422.1002681591645
2019-11-30 12:00:00,2019-11-30 23:30:00,3.120833333333333,295.27500000000003,32.75,1011.75,945.673879693287
2019-12-01 12:00:00,2019-12-01 23:30:00,1.95,294.21250000000003,40.5,1017.125,986.9035463939481
2019-12-02 12:00:00,2019-12-02 23:30:00,2.4291666666666667,296.06666666666666,41.458333333333336,1010.5833333333334,621.081772133395
2019-12-03 12:00:00,2019-12-03 23:30:00,1.4166666666666667,292.87916666666666,67.625,1007.3333333333334,542.9959653200674
2019-12-04 12:00:00,2019-12-04 23:30:00,2.85,291.43333333333334,57.166666666666664,1010.25,978.2209045079167
2019-12-05 12:00:00,2019-12-05 23:30:00,1.9041666666666668,295.225,43.708333333333336,1007.3333333333334,892.5173891358239
2019-12-06 12:00:00,2019-12-06 23:30:00,1.8181818181818181,296.4791666666667,39.86363636363637,1010.5833333333334,732.5798620897568
2019-12-07 12:00:00,2019-12-07 23:30:00,2.1458333333333335,296.5125,37.125,1009.75,435.98519523062123
2019-12-08 12:00:00,2019-12-08 23:30:00,2.2083333333333335,300.32916666666665,46.541666666666664,1007.4166666666666,532.6643944111692
2019-12-09 12:00:00,2019-12-09 23:30:00,2.272727272727273,303.2625,40.45454545454545,1006.0416666666666,580.0775449475793
2019-12-10 12:00:00,2019-12-10 23:30:00,1.7666666666666666,304.59999999999997,36.291666666666664,1004.1666666666666,607.1002281270053
2019-12-11 12:00:00,2019-12-11 23:30:00,3.7416666666666667,299.8333333333333,49.958333333333336,1001.4583333333334,741.6038838125537
2019-12-12 12:00:00,2019-12-12 23:30:00,3.341666666666667,293.32916666666665,37.0,1011.6666666666666,1325.1315240374668
2019-12-13 12:00:00,2019-12-13 23:30:00,2.1,295.75416666666666,44.375,1010.9166666666666,641.1609182555939
2019-12-14 12:00:00,2019-12-14 23:30:00,1.8727272727272728,297.25,62.18181818181818,1007.1666666666666,459.5361098814335
2019-12-15 12:00:00,2019-12-15 23:30:00,1.5625,293.50416666666666,72.91666666666667,1005.5416666666666,462.0739147056892
2019-12-16 12:00:00,2019-12-16 23:30:00,2.1125000000000003,296.87083333333334,60.166666666666664,1008.3333333333334,552.2626029016977
2019-12-17 12:00:00,2019-12-17 23:30:00,3.125,297.7375,58.541666666666664,1010.5833333333334,531.0584062482725
2019-12-18 12:00:00,2019-12-18 23:30:00,3.5749999999999997,301.02500000000003,44.416666666666664,1008.5416666666666,736.1353652953131
2019-12-19 12:00:00,2019-12-19 23:30:00,2.1958333333333333,300.71666666666664,51.666666666666664,1006.4583333333334,497.8157395021223
2019-12-20 12:00:00,2019-12-20 23:30:00,3.170833333333333,291.0416666666667,81.375,1006.6666666666666,582.0936183231937
2019-12-21 12:00:00,2019-12-21 23:30:00,2.6750000000000003,291.40416666666664,56.041666666666664,1011.2083333333334,1097.7918761387293
2019-12-22 12:00:00,2019-12-22 23:30:00,1.675,295.20416666666665,46.666666666666664,1011.9166666666666,496.4201615530813
2019-12-23 12:00:00,2019-12-23 23:30:00,3.2416666666666667,299.18333333333334,37.083333333333336,1006.375,658.9792281003471
2019-12-24 12:00:00,2019-12-24 23:30:00,4.0,299.9291666666667,39.791666666666664,1005.2083333333334,802.3115245958269
2019-12-25 12:00:00,2019-12-25 23:30:00,1.908695652173913,292.40833333333336,69.91304347826087,1012.75,635.8555750062404
2019-12-26 12:00:00,2019-12-26 23:30:00,2.2958333333333334,297.0416666666667,79.41666666666667,1010.4583333333334,489.9554150845249
2019-12-27 12:00:00,2019-12-27 23:30:00,2.6625,301.4875,69.33333333333333,1007.7083333333334,337.43806864135746
2019-12-28 12:00:00,2019-12-28 23:30:00,1.0636363636363635,299.74583333333334,74.9090909090909,1008.7916666666666,217.94224351549283
2019-12-29 12:00:00,2019-12-29 23:30:00,1.7125000000000001,300.80833333333334,69.08333333333333,1008.25,312.33054781661514
2019-12-30 12:00:00,2019-12-30 23:30:00,2.1791666666666667,296.66249999999997,91.25,1004.3333333333334,387.71322749480095
2019-12-31 12:00:00,2019-12-31 23:30:00,3.4499999999999997,297.0,75.125,1007.375,787.0306983508793
2020-01-01 12:00:00,2020-01-01 23:30:00,2.5083333333333333,295.40416666666664,73.5,1012.9583333333334,809.9145858515964
2020-01-02 12:00:00,2020-01-02 23:30:00,3.7541666666666664,296.46250000000003,68.875,1016.7916666666666,710.4892555190607
2020-01-03 12:00:00,2020-01-03 23:30:00,3.283333333333333,297.62083333333334,62.75,1014.3333333333334,677.2433977901999
2020-01-04 12:00:00,2020-01-04 23:30:00,1.9458333333333335,298.72083333333336,56.416666666666664,1006.4583333333334,501.6768468758721
2020-01-05 12:00:00,2020-01-05 23:30:00,1.9217391304347828,297.5875,58.08695652173913,1000.0833333333334,686.2283860710463
2020-01-06 12:00:00,2020-01-06 23:30:00,1.5958333333333332,296.03333333333336,46.416666666666664,1003.875,991.8120607873803
2020-01-07 12:00:00,2020-01-07 23:30:00,2.5708333333333333,299.41249999999997,35.958333333333336,1004.9583333333334,714.120079475722
2020-01-08 12:00:00,2020-01-08 23:30:00,3.5375,301.46250000000003,44.208333333333336,1002.4166666666666,585.5080485169227
2020-01-09 12:00:00,2020-01-09 23:30:00,2.0125,299.5208333333333,60.208333333333336,1006.375,515.4195355674042
2020-01-10 12:00:00,2020-01-10 23:30:00,1.25,357.69166666666666,57.54545454545455,1008.0416666666666,405.70620350540844
2020-01-11 12:00:00,2020-01-11 23:30:00,1.638095238095238,358.4708333333333,55.714285714285715,1010.0416666666666,473.3207923036398
2020-01-12 12:00:00,2020-01-12 23:30:00,4.304166666666666,298.0875,47.791666666666664,1014.0,573.068373274005
2020-01-13 12:00:00,2020-01-13 23:30:00,3.1285714285714286,298.81666666666666,60.904761904761905,1008.7083333333334,539.528286701909
2020-01-14 12:00:00,2020-01-14 23:30:00,1.9956521739130435,298.55,83.69565217391305,1001.5833333333334,478.11051762243386
2020-01-15 12:00:00,2020-01-15 23:30:00,2.9625,294.46666666666664,52.583333333333336,1009.4166666666666,778.636258414576
2020-01-16 12:00:00,2020-01-16 23:30:00,2.2708333333333335,294.49583333333334,48.25,1018.0,863.2640796447959
2020-01-17 12:00:00,2020-01-17 23:30:00,2.4375,296.75416666666666,53.083333333333336,1016.0,683.5262844494954
2020-01-18 12:00:00,2020-01-18 23:30:00,2.158333333333333,299.90416666666664,53.375,1011.5833333333334,486.9113626816627
2020-01-19 12:00:00,2020-01-19 23:30:00,1.625,302.0875,62.958333333333336,1007.25,351.14576787440205
2020-01-20 12:00:00,2020-01-20 23:30:00,1.9666666666666668,301.7708333333333,66.41666666666667,1006.1666666666666,315.27386768074535
2020-01-21 12:00:00,2020-01-21 23:30:00,2.2083333333333335,298.53333333333336,77.58333333333333,1009.0,457.27431178514075
2020-01-22 12:00:00,2020-01-22 23:30:00,2.558333333333333,299.52500000000003,67.79166666666667,1012.1666666666666,612.5510818567564
2020-01-23 12:00:00,2020-01-23 23:30:00,2.875,300.33750000000003,59.333333333333336,1010.2083333333334,537.8549852533041
2020-01-24 12:00:00,2020-01-24 23:30:00,2.2708333333333335,302.4458333333333,53.375,1005.0833333333334,691.872776124953
2020-01-25 12:00:00,2020-01-25 23:30:00,1.9166666666666667,302.2583333333333,57.416666666666664,1003.2083333333334,560.6186902473031
2020-01-26 12:00:00,2020-01-26 23:30:00,3.283333333333333,298.34166666666664,46.5,1008.5,797.4849183924617
2020-01-27 12:00:00,2020-01-27 23:30:00,2.908333333333333,294.7083333333333,54.083333333333336,1012.5416666666666,759.4233151069702
2020-01-28 12:00:00,2020-01-28 23:30:00,2.2708333333333335,299.7083333333333,53.208333333333336,1005.2083333333334,526.7783701617018
2020-01-29 12:00:00,2020-01-29 23:30:00,2.8874999999999997,292.4791666666667,64.91666666666667,1010.75,632.6026774454211
2020-01-30 12:00:00,2020-01-30 23:30:00,1.7291666666666667,294.8541666666667,48.75,1011.8333333333334,692.381171541156
2020-01-31 12:00:00,2020-01-31 23:30:00,1.7625,297.6041666666667,47.458333333333336,1011.0416666666666,495.85231671386197
2020-02-01 12:00:00,2020-02-01 23:30:00,1.5541666666666665,299.6416666666667,57.166666666666664,1009.0,430.77770343988755
2020-02-02 12:00:00,2020-02-02 23:30:00,2.2666666666666666,302.34166666666664,55.166666666666664,1011.125,396.19480579754844
2020-02-03 12:00:00,2020-02-03 23:30:00,3.2416666666666667,302.175,58.625,1009.5,720.060699929621
2020-02-04 12:00:00,2020-02-04 23:30:00,2.4565217391304346,303.0625,61.0,1007.2083333333334,694.284652016781
2020-02-05 12:00:00,2020-02-05 23:30:00,2.7708333333333335,301.4583333333333,71.91666666666667,1006.4583333333334,535.3610455344503
2020-02-06 12:00:00,2020-02-06 23:30:00,2.0541666666666667,304.2708333333333,64.79166666666667,1008.7916666666666,416.30044341864465
2020-02-07 12:00:00,2020-02-07 23:30:00,2.2083333333333335,296.87916666666666,85.5,1011.8333333333334,495.26786214090407
2020-02-08 12:00:00,2020-02-08 23:30:00,3.9625,294.9833333333333,63.958333333333336,1014.875,791.2560737655975
2020-02-09 12:00:00,2020-02-09 23:30:00,2.3375,293.39166666666665,55.291666666666664,1018.75,871.3503689418809
2020-02-10 12:00:00,2020-02-10 23:30:00,1.9625000000000001,294.9291666666667,60.208333333333336,1018.875,763.6105718419959
2020-02-11 12:00:00,2020-02-11 23:30:00,3.158333333333333,296.59583333333336,60.5,1016.5,757.2636353664858
2020-02-12 12:00:00,2020-02-12 23:30:00,3.233333333333333,298.20416666666665,62.083333333333336,1011.0,816.6258056568257
2020-02-13 12:00:00,2020-02-13 23:30:00,1.8416666666666668,299.55,62.5,1006.4583333333334,437.86921902889156
2020-02-14 12:00:00,2020-02-14 23:30:00,1.1041666666666667,297.95416666666665,59.208333333333336,1006.3333333333334,507.0089940757318
2020-02-15 12:00:00,2020-02-15 23:30:00,2.129166666666667,301.70416666666665,59.041666666666664,1004.2916666666666,456.5437435689432
2020-02-16 12:00:00,2020-02-16 23:30:00,2.154166666666667,301.05833333333334,68.20833333333333,1002.375,588.7565751330542
2020-02-17 12:00:00,2020-02-17 23:30:00,2.904166666666667,296.29583333333335,79.66666666666667,1001.8333333333334,575.2580763658397
2020-02-18 12:00:00,2020-02-18 23:30:00,1.3875,295.43333333333334,65.41666666666667,1008.3333333333334,700.9918687084987
2020-02-19 12:00:00,2020-02-19 23:30:00,2.841666666666667,295.8875,48.5,1009.8333333333334,788.6180219602603
2020-02-20 12:00:00,2020-02-20 23:30:00,3.5416666666666665,291.7333333333333,51.125,1018.2083333333334,1295.9085788334835
2020-02-21 12:00:00,2020-02-21 23:30:00,3.279166666666667,290.9166666666667,53.208333333333336,1021.75,1102.3980715952996
2020-02-22 12:00:00,2020-02-22 23:30:00,1.625,292.49583333333334,65.83333333333333,1018.7083333333334,480.19814131967655
2020-02-23 12:00:00,2020-02-23 23:30:00,2.254166666666667,296.3958333333333,60.041666666666664,1010.0416666666666,721.7880434106569
2020-02-24 12:00:00,2020-02-24 23:30:00,2.2708333333333335,297.4583333333333,49.583333333333336,1004.5833333333334,611.5503034784037
2020-02-25 12:00:00,2020-02-25 23:30:00,1.6708333333333334,295.2625,57.875,1009.5416666666666,539.9446105073033
2020-02-26 12:00:00,2020-02-26 23:30:00,1.8208333333333335,295.3666666666667,54.875,1011.9166666666666,503.2820953947489
2020-02-27 12:00:00,2020-02-27 23:30:00,1.6624999999999999,298.09999999999997,54.291666666666664,1010.7916666666666,397.7480138407513
2020-02-28 12:00:00,2020-02-28 23:30:00,2.1791666666666667,298.77500000000003,61.625,1014.5,400.6862991595933
2020-02-29 12:00:00,2020-02-29 23:30:00,1.6652173913043478,300.90416666666664,58.43478260869565,1015.5416666666666,356.61802404723227
2020-03-01 12:00:00,2020-03-01 23:30:00,2.3375,302.25416666666666,51.333333333333336,1016.3333333333334,420.07137634827603
2020-03-02 12:00:00,2020-03-02 23:30:00,2.3333333333333335,300.6958333333333,56.541666666666664,1014.9166666666666,540.6891896207978
2020-03-03 12:00:00,2020-03-03 23:30:00,1.8875000000000002,300.0625,59.0,1013.125,469.9701862929171
2020-03-04 12:00:00,2020-03-04 23:30:00,2.025,299.80833333333334,57.291666666666664,1014.75,493.0921699463668
2020-03-05 12:00:00,2020-03-05 23:30:00,2.183333333333333,298.83750000000003,64.20833333333333,1014.4166666666666,486.0126636979032
2020-03-06 12:00:00,2020-03-06 23:30:00,2.504166666666667,298.65416666666664,64.45833333333333,1010.2083333333334,507.5614237405828
2020-03-07 12:00:00,2020-03-07 23:30:00,2.154166666666667,300.69166666666666,53.416666666666664,1006.2916666666666,464.5139425741408
2020-03-08 12:00:00,2020-03-08 23:30:00,1.9791666666666667,299.74583333333334,61.458333333333336,1009.7083333333334,318.51038495633657
2020-03-09 12:00:00,2020-03-09 23:30:00,3.216666666666667,295.60833333333335,70.16666666666667,1015.5833333333334,567.7282198471174
2020-03-10 12:00:00,2020-03-10 23:30:00,3.875,295.87916666666666,75.0,1012.75,542.06025599914
2020-03-11 12:00:00,2020-03-11 23:30:00,1.4124999999999999,294.05,92.54166666666667,1008.9166666666666,346.56220290154897
2020-03-12 12:00:00,2020-03-12 23:30:00,1.9666666666666668,297.46250000000003,75.33333333333333,1010.0416666666666,288.6531628165767
2020-03-13 12:00:00,2020-03-13 23:30:00,2.566666666666667,299.96666666666664,73.75,1008.2916666666666,306.4389961566522
2020-03-14 12:00:00,2020-03-14 23:30:00,2.2291666666666665,292.74583333333334,88.16666666666667,1013.7916666666666,515.9159216430669
2020-03-15 12:00:00,2020-03-15 23:30:00,1.6208333333333333,292.8041666666667,73.20833333333333,1015.9583333333334,616.5181673485445
2020-03-16 12:00:00,2020-03-16 23:30:00,1.6416666666666666,294.2375,72.625,1012.25,533.7938265939507
2020-03-17 12:00:00,2020-03-17 23:30:00,2.1999999999999997,292.8541666666667,88.66666666666667,1009.7916666666666,451.9261521312265
2020-03-18 12:00:00,2020-03-18 23:30:00,1.4958333333333333,293.3541666666667,82.70833333333333,1008.125,436.0097728019129
2020-03-19 12:00:00,2020-03-19 23:30:00,1.4958333333333333,293.72499999999997,71.25,1009.8333333333334,592.1251951545875
2020-03-20 12:00:00,2020-03-20 23:30:00,1.5999999999999999,296.4166666666667,62.5,1008.7916666666666,448.19324877997275
2020-03-21 12:00:00,2020-03-21 23:30:00,1.4083333333333332,296.43333333333334,62.791666666666664,1011.3333333333334,407.71976960265215
2020-03-22 12:00:00,2020-03-22 23:30:00,2.245833333333333,297.96250000000003,56.375,1014.7083333333334,495.0937267030707
2020-03-23 12:00:00,2020-03-23 23:30:00,2.6,298.2708333333333,59.416666666666664,1012.7083333333334,428.099620499417
2020-03-24 12:00:00,2020-03-24 23:30:00,2.8000000000000003,299.66249999999997,64.83333333333333,1010.0833333333334,360.07471256606055
2020-03-25 12:00:00,2020-03-25 23:30:00,2.1478260869565218,295.82916666666665,79.34782608695652,1013.625,470.5686517631716
2020-03-26 12:00:00,2020-03-26 23:30:00,2.783333333333333,297.47083333333336,74.58333333333333,1011.9166666666666,497.7818174273248
2020-03-27 12:00:00,2020-03-27 23:30:00,1.4173913043478261,298.2,71.91304347826087,1009.7916666666666,329.27275563713624
2020-03-28 12:00:00,2020-03-28 23:30:00,1.0625,298.1458333333333,73.375,1010.0,387.9463904031695
2020-03-29 12:00:00,2020-03-29 23:30:00,1.1583333333333334,298.45416666666665,76.33333333333333,1013.625,348.8139542528415
2020-03-30 12:00:00,2020-03-30 23:30:00,3.6958333333333333,297.0125,77.95833333333333,1014.2916666666666,552.2641923448192
2020-03-31 12:00:00,2020-03-31 23:30:00,3.6208333333333336,294.97083333333336,78.75,1012.9583333333334,753.3986292692899
2020-04-01 12:00:00,2020-04-01 23:30:00,3.0608695652173914,292.87916666666666,80.5909090909091,1012.0,728.7594655942585
2020-04-02 12:00:00,2020-04-02 23:30:00,3.395652173913043,290.4875,61.17391304347826,1016.5833333333334,1011.4593419111912
2020-04-03 12:00:00,2020-04-03 23:30:00,1.7478260869565219,292.05833333333334,70.47826086956522,1011.4166666666666,507.26519334059043
2020-04-04 12:00:00,2020-04-04 23:30:00,1.9666666666666668,293.775,58.958333333333336,1008.0833333333334,531.9303772534589
2020-04-05 12:00:00,2020-04-05 23:30:00,1.9416666666666667,293.4916666666667,70.33333333333333,1009.7083333333334,515.6096834592911
2020-04-06 12:00:00,2020-04-06 23:30:00,1.9318181818181819,288.0625,55.31818181818182,1020.0,1028.954949521544
2020-04-07 12:00:00,2020-04-07 23:30:00,1.2541666666666667,287.21666666666664,64.79166666666667,1023.0,879.4026317741041
2020-04-08 12:00:00,2020-04-08 23:30:00,1.3782608695652174,287.58750000000003,70.3913043478261,1021.5416666666666,648.9734101585067
2020-04-09 12:00:00,2020-04-09 23:30:00,1.575,289.54583333333335,72.83333333333333,1020.625,683.366159908959
2020-04-10 12:00:00,2020-04-10 23:30:00,2.2041666666666666,291.64166666666665,72.125,1017.625,608.7401177919909
2020-04-11 12:00:00,2020-04-11 23:30:00,1.5739130434782609,292.44166666666666,73.56521739130434,1015.2083333333334,480.0380167791409
2020-04-12 12:00:00,2020-04-12 23:30:00,2.283333333333333,294.12916666666666,61.458333333333336,1011.3333333333334,455.28076125546323
2020-04-13 12:00:00,2020-04-13 23:30:00,2.4166666666666665,287.1333333333333,83.375,1009.6666666666666,569.9159213821956
2020-04-14 12:00:00,2020-04-14 23:30:00,3.220833333333333,288.09583333333336,63.291666666666664,1011.875,1026.8513133702488
2020-04-15 12:00:00,2020-04-15 23:30:00,1.325,287.70416666666665,65.625,1017.75,560.0482465716426
2020-04-16 12:00:00,2020-04-16 23:30:00,0.7708333333333334,288.59166666666664,72.75,1022.7916666666666,258.69586283898155
2020-04-17 12:00:00,2020-04-17 23:30:00,1.8416666666666668,291.28333333333336,75.66666666666667,1021.4583333333334,312.8459793348631
2020-04-18 12:00:00,2020-04-18 23:30:00,3.016666666666667,293.67083333333335,67.5,1017.375,461.1453225526072
2020-04-19 12:00:00,2020-04-19 23:30:00,1.0250000000000001,293.125,75.5,1014.2916666666666,278.88356428710233
2020-04-20 12:00:00,2020-04-20 23:30:00,2.1125000000000003,294.325,70.125,1013.875,288.5310678544176
2020-04-21 12:00:00,2020-04-21 23:30:00,2.7458333333333336,290.76666666666665,69.54166666666667,1017.0,623.6337016186287
2020-04-22 12:00:00,2020-04-22 23:30:00,1.7217391304347827,292.0125,80.73913043478261,1013.6666666666666,389.3875112679968
2020-04-23 12:00:00,2020-04-23 23:30:00,2.6863636363636365,294.9,72.63636363636364,1008.1666666666666,411.9590668133526
2020-04-24 12:00:00,2020-04-24 23:30:00,2.5833333333333335,294.08750000000003,79.95833333333333,1007.7083333333334,222.94005293721386
2020-04-25 12:00:00,2020-04-25 23:30:00,3.875,290.3833333333333,85.45833333333333,1018.8333333333334,675.8663267415874
2020-04-26 12:00:00,2020-04-26 23:30:00,3.704166666666666,291.72083333333336,79.04166666666667,1021.5,778.7603549334917
2020-04-27 12:00:00,2020-04-27 23:30:00,3.6041666666666665,292.95,89.20833333333333,1010.875,760.5481900042381
2020-04-28 12:00:00,2020-04-28 23:30:00,2.058333333333333,289.02916666666664,88.45833333333333,1010.9583333333334,727.8427525996876
2020-04-29 12:00:00,2020-04-29 23:30:00,1.5333333333333332,289.50416666666666,68.29166666666667,1015.2083333333334,578.1022885171162
2020-04-30 12:00:00,2020-04-30 23:30:00,0.8250000000000001,290.1666666666667,71.20833333333333,1017.7916666666666,263.6216940172311
2020-05-01 12:00:00,2020-05-01 23:30:00,1.8499999999999999,288.71250000000003,71.66666666666667,1020.125,551.9639588313132
2020-05-02 12:00:00,2020-05-02 23:30:00,2.254166666666667,289.84166666666664,72.79166666666667,1018.75,508.36004488650775
2020-05-03 12:00:00,2020-05-03 23:30:00,1.6166666666666665,290.4916666666667,78.58333333333333,1012.2083333333334,443.9299328881923
2020-05-04 12:00:00,2020-05-04 23:30:00,2.6333333333333333,288.3625,86.16666666666667,1007.5,348.0013222096195
2020-05-05 12:00:00,2020-05-05 23:30:00,4.291666666666667,285.32916666666665,72.08333333333333,1017.3333333333334,1165.383059615274
2020-05-06 12:00:00,2020-05-06 23:30:00,0.9125,285.97499999999997,74.95833333333333,1022.2083333333334,593.6103502680627
2020-05-07 12:00:00,2020-05-07 23:30:00,2.3125,287.175,64.41666666666667,1020.0416666666666,539.6023443019069
2020-05-08 12:00:00,2020-05-08 23:30:00,3.495833333333333,288.47083333333336,60.333333333333336,1013.8333333333334,613.7680283648327
2020-05-09 12:00:00,2020-05-09 23:30:00,3.029166666666667,291.2708333333333,54.75,1007.5833333333334,499.75134927592194
2020-05-10 12:00:00,2020-05-10 23:30:00,2.6833333333333336,293.7375,53.458333333333336,1006.5416666666666,310.9585113132908
2020-05-11 12:00:00,2020-05-11 23:30:00,1.1695652173913043,286.90000000000003,61.78260869565217,1014.4166666666666,341.3481475503338
2020-05-12 12:00:00,2020-05-12 23:30:00,0.6083333333333333,286.46250000000003,72.625,1014.8333333333334,218.60067788867858
2020-05-13 12:00:00,2020-05-13 23:30:00,1.9833333333333334,286.3833333333333,63.416666666666664,1019.6666666666666,559.5078262473326
2020-05-14 12:00:00,2020-05-14 23:30:00,2.404166666666667,285.97083333333336,60.083333333333336,1016.9166666666666,504.4830294487713
2020-05-15 12:00:00,2020-05-15 23:30:00,2.35,290.875,54.0,1010.2083333333334,427.18290750484636
2020-05-16 12:00:00,2020-05-16 23:30:00,2.1458333333333335,294.575,51.375,1008.625,332.04491174517193
2020-05-17 12:00:00,2020-05-17 23:30:00,2.7583333333333333,292.49583333333334,59.166666666666664,1014.9583333333334,234.65316307744797
2020-05-18 12:00:00,2020-05-18 23:30:00,2.8166666666666664,291.9875,67.375,1013.1666666666666,342.78326374489103
2020-05-19 12:00:00,2020-05-19 23:30:00,2.0166666666666666,293.5416666666667,68.125,1009.75,323.9466131075457
2020-05-20 12:00:00,2020-05-20 23:30:00,2.0958333333333337,291.6458333333333,83.41666666666667,1007.2916666666666,258.9480589903262
2020-05-21 12:00:00,2020-05-21 23:30:00,4.666666666666667,286.26666666666665,85.83333333333333,1015.2916666666666,848.8448647694968
2020-05-22 12:00:00,2020-05-22 23:30:00,3.9333333333333336,285.2416666666667,80.16666666666667,1020.875,920.7267725730234
2020-05-23 12:00:00,2020-05-23 23:30:00,1.3458333333333332,285.1458333333333,67.75,1016.9166666666666,503.2200471352906
2020-05-24 12:00:00,2020-05-24 23:30:00,4.629166666666666,287.84999999999997,53.583333333333336,1007.0833333333334,726.7238823726904
2020-05-25 12:00:00,2020-05-25 23:30:00,2.8125,287.125,71.04166666666667,1014.5416666666666,924.4576743675201
2020-05-26 12:00:00,2020-05-26 23:30:00,1.6500000000000001,286.67083333333335,73.875,1013.7916666666666,333.7382287613437
2020-05-27 12:00:00,2020-05-27 23:30:00,2.0833333333333335,289.67083333333335,68.83333333333333,1012.6666666666666,299.187356027112
2020-05-28 12:00:00,2020-05-28 23:30:00,1.2541666666666667,288.6666666666667,79.5,1012.5,172.1025128736782
2020-05-29 12:00:00,2020-05-29 23:30:00,1.2750000000000001,288.8375,79.91666666666667,1010.625,154.32868887414284
2020-05-30 12:00:00,2020-05-30 23:30:00,3.608333333333333,283.1125,74.625,1013.4583333333334,914.6620556002086
2020-05-31 12:00:00,2020-05-31 23:30:00,2.6083333333333334,283.6375,68.875,1018.4583333333334,801.9644024139656
2020-06-01 12:00:00,2020-06-01 23:30:00,1.2541666666666667,281.77500000000003,77.54166666666667,1019.7916666666666,485.9666278924987
2020-06-02 12:00:00,2020-06-02 23:30:00,1.3916666666666666,284.85,64.125,1017.9166666666666,359.712430793097
2020-06-03 12:00:00,2020-06-03 23:30:00,1.0863636363636362,345.08750000000003,74.13636363636364,1021.7916666666666,241.5445229907813
2020-06-04 12:00:00,2020-06-04 23:30:00,1.7826086956521738,314.7708333333333,83.30434782608695,1019.375,205.83675045117445
2020-06-05 12:00:00,2020-06-05 23:30:00,2.7086956521739127,288.3625,90.30434782608695,1013.25,489.9897569734746
2020-06-06 12:00:00,2020-06-06 23:30:00,2.191666666666667,288.65833333333336,91.375,1011.4583333333334,427.4591223372717
2020-06-07 12:00:00,2020-06-07 23:30:00,0.65,288.37916666666666,91.375,1013.6666666666666,124.50949631276036
2020-06-08 12:00:00,2020-06-08 23:30:00,0.8166666666666668,286.2916666666667,89.41666666666667,1012.4166666666666,233.47624770450588
2020-06-09 12:00:00,2020-06-09 23:30:00,1.1624999999999999,286.96666666666664,81.625,1010.0,199.49581864593492
2020-06-10 12:00:00,2020-06-10 23:30:00,1.0625,287.1083333333333,81.08333333333333,1009.2916666666666,146.36649609597274
2020-06-11 12:00:00,2020-06-11 23:30:00,1.9958333333333333,287.53749999999997,81.83333333333333,1003.9583333333334,287.7984980814639
2020-06-12 12:00:00,2020-06-12 23:30:00,3.295833333333333,286.6958333333333,52.833333333333336,1010.9166666666666,834.7318880779741
2020-06-13 12:00:00,2020-06-13 23:30:00,1.9458333333333335,279.74583333333334,49.666666666666664,1024.625,716.5159429134975
2020-06-14 12:00:00,2020-06-14 23:30:00,2.85,284.2625,51.458333333333336,1022.9583333333334,388.552862100451
2020-06-15 12:00:00,2020-06-15 23:30:00,3.0041666666666664,288.225,69.625,1015.0416666666666,425.6096838940768
2020-06-16 12:00:00,2020-06-16 23:30:00,2.8708333333333336,293.58750000000003,77.45833333333333,1008.6666666666666,506.616688951418
2020-06-17 12:00:00,2020-06-17 23:30:00,3.579166666666667,293.1458333333333,75.04166666666667,1000.125,745.0261173559956
2020-06-18 12:00:00,2020-06-18 23:30:00,1.6478260869565218,287.12916666666666,80.95652173913044,1007.5,440.12897660721063
2020-06-19 12:00:00,2020-06-19 23:30:00,1.0583333333333333,286.3875,85.83333333333333,1009.7916666666666,176.8442008303109
2020-06-20 12:00:00,2020-06-20 23:30:00,2.9416666666666664,286.8958333333333,80.66666666666667,1007.3333333333334,409.11485466207563
2020-06-21 12:00:00,2020-06-21 23:30:00,2.317391304347826,286.29583333333335,73.08695652173913,1014.75,411.13042231607704
2020-06-22 12:00:00,2020-06-22 23:30:00,1.9875,287.425,86.625,1005.3333333333334,352.0024341662717
2020-06-23 12:00:00,2020-06-23 23:30:00,2.8249999999999997,285.90833333333336,83.125,1003.5,488.66672795729284
2020-06-24 12:00:00,2020-06-24 23:30:00,2.9458333333333333,284.5125,71.125,1007.7083333333334,702.529064297647
2020-06-25 12:00:00,2020-06-25 23:30:00,1.9375,281.20416666666665,65.45833333333333,1017.7083333333334,637.1041785912497
2020-06-26 12:00:00,2020-06-26 23:30:00,0.6833333333333332,282.3875,68.66666666666667,1020.25,272.45856709808123
2020-06-27 12:00:00,2020-06-27 23:30:00,1.5374999999999999,282.8833333333333,64.875,1020.2916666666666,377.650382446682
2020-06-28 12:00:00,2020-06-28 23:30:00,2.2583333333333333,284.5541666666667,71.08333333333333,1019.0,417.8216265537399
2020-06-29 12:00:00,2020-06-29 23:30:00,3.079166666666667,285.2625,82.58333333333333,1008.375,635.218712126434
2020-06-30 12:00:00,2020-06-30 23:30:00,4.9375,282.2,88.08333333333333,1009.75,844.3713854182628
2020-07-01 12:00:00,2020-07-01 23:30:00,1.4041666666666668,280.1666666666667,77.54166666666667,1017.5416666666666,724.8244050105778
2020-07-02 12:00:00,2020-07-02 23:30:00,2.404166666666667,281.71666666666664,75.5,1015.5833333333334,488.22638547081783
2020-07-03 12:00:00,2020-07-03 23:30:00,3.466666666666667,284.9583333333333,67.0,1009.5416666666666,612.9033558459363
2020-07-04 12:00:00,2020-07-04 23:30:00,1.6624999999999999,285.0208333333333,74.08333333333333,1009.2916666666666,307.96418240526094
2020-07-05 12:00:00,2020-07-05 23:30:00,1.4458333333333335,281.3541666666667,78.54166666666667,1018.5833333333334,448.8597671799553
2020-07-06 12:00:00,2020-07-06 23:30:00,1.6083333333333334,281.0708333333333,77.20833333333333,1021.75,521.2120408213067
2020-07-07 12:00:00,2020-07-07 23:30:00,2.733333333333333,280.80833333333334,73.125,1019.375,835.968850153618
2020-07-08 12:00:00,2020-07-08 23:30:00,1.0791666666666666,282.2083333333333,69.33333333333333,1017.0,466.3233498822012
2020-07-09 12:00:00,2020-07-09 23:30:00,4.070833333333334,284.8541666666667,55.0,1011.375,610.2532947000597
2020-07-10 12:00:00,2020-07-10 23:30:00,1.8791666666666667,282.5,74.70833333333333,1010.3333333333334,503.1359817515088
2020-07-11 12:00:00,2020-07-11 23:30:00,1.7541666666666667,283.7916666666667,48.791666666666664,1008.9583333333334,287.3581555949889
2020-07-12 12:00:00,2020-07-12 23:30:00,3.058333333333333,283.95416666666665,41.416666666666664,1013.5833333333334,677.0012094226386
2020-07-13 12:00:00,2020-07-13 23:30:00,2.5166666666666666,279.825,48.25,1020.7083333333334,820.1485455486262
2020-07-14 12:00:00,2020-07-14 23:30:00,1.1833333333333333,280.85833333333335,50.916666666666664,1021.0,322.10117777786434
2020-07-15 12:00:00,2020-07-15 23:30:00,2.0124999999999997,284.5625,53.166666666666664,1019.5,311.81517760516016
2020-07-16 12:00:00,2020-07-16 23:30:00,2.404347826086956,283.9083333333333,72.47826086956522,1016.4583333333334,200.68074024590385
2020-07-17 12:00:00,2020-07-17 23:30:00,2.8041666666666667,286.90416666666664,84.41666666666667,1008.7916666666666,383.9532846735444
2020-07-18 12:00:00,2020-07-18 23:30:00,1.1833333333333333,288.4875,91.5,1005.9166666666666,105.34258881055884
2020-07-19 12:00:00,2020-07-19 23:30:00,0.525,291.19166666666666,84.16666666666667,1005.9583333333334,156.71054141462113
2020-07-20 12:00:00,2020-07-20 23:30:00,1.4625000000000001,289.6041666666667,85.70833333333333,1007.4166666666666,182.85087265718093
2020-07-21 12:00:00,2020-07-21 23:30:00,1.0826086956521739,287.51666666666665,91.91304347826087,1007.8333333333334,168.69986638728065
2020-07-22 12:00:00,2020-07-22 23:30:00,1.075,287.5208333333333,90.91666666666667,1008.6666666666666,182.7588010463725
2020-07-23 12:00:00,2020-07-23 23:30:00,2.525,282.8208333333333,86.625,1009.7916666666666,659.7077590447126
2020-07-24 12:00:00,2020-07-24 23:30:00,1.575,280.57916666666665,62.458333333333336,1014.4166666666666,746.4532273235255
2020-07-25 12:00:00,2020-07-25 23:30:00,2.0124999999999997,283.34999999999997,53.458333333333336,1016.2083333333334,415.6179125646083
2020-07-26 12:00:00,2020-07-26 23:30:00,2.5272727272727273,286.3666666666667,50.95454545454545,1011.3333333333334,469.15555269293833
2020-07-27 12:00:00,2020-07-27 23:30:00,3.0500000000000003,280.95416666666665,52.0,1018.4583333333334,738.0506920588805
2020-07-28 12:00:00,2020-07-28 23:30:00,1.2166666666666666,279.91249999999997,59.75,1023.7083333333334,536.0776028533506
2020-07-29 12:00:00,2020-07-29 23:30:00,1.9083333333333334,282.77916666666664,59.625,1024.7916666666667,409.0307892782941
2020-07-30 12:00:00,2020-07-30 23:30:00,2.6956521739130435,284.89166666666665,59.91304347826087,1020.4166666666666,498.27420038947406
2020-07-31 12:00:00,2020-07-31 23:30:00,1.2,284.575,76.29166666666667,1020.25,177.3425884627303
2020-08-01 12:00:00,2020-08-01 23:30:00,2.379166666666667,291.18333333333334,74.45833333333333,1014.2083333333334,353.20937289056445
2020-08-02 12:00:00,2020-08-02 23:30:00,2.2958333333333334,290.34583333333336,78.83333333333333,1019.75,275.70509215745574
2020-08-03 12:00:00,2020-08-03 23:30:00,2.25,292.5416666666667,68.91666666666667,1017.8333333333334,249.7469025797561
2020-08-04 12:00:00,2020-08-04 23:30:00,2.466666666666667,294.0416666666667,63.791666666666664,1014.2916666666666,354.94272104187036
2020-08-05 12:00:00,2020-08-05 23:30:00,3.454166666666667,293.925,52.708333333333336,1013.9583333333334,474.2615239792912
2020-08-06 12:00:00,2020-08-06 23:30:00,3.2125,285.67083333333335,69.20833333333333,1023.2916666666666,619.3243499214442
2020-08-07 12:00:00,2020-08-07 23:30:00,2.9416666666666664,285.51666666666665,90.04166666666667,1020.75,396.1167450840371
2020-08-08 12:00:00,2020-08-08 23:30:00,1.1958333333333333,289.0875,89.83333333333333,1015.25,149.242733155357
2020-08-09 12:00:00,2020-08-09 23:30:00,1.8541666666666667,287.5708333333333,88.54166666666667,1006.5416666666666,291.5714325678518
2020-08-10 12:00:00,2020-08-10 23:30:00,3.283333333333333,284.5125,37.291666666666664,1013.4166666666666,1147.5992278319552
2020-08-11 12:00:00,2020-08-11 23:30:00,1.1708333333333334,281.62916666666666,47.958333333333336,1016.125,545.2707530368941
2020-08-12 12:00:00,2020-08-12 23:30:00,2.1045454545454545,283.97083333333336,43.72727272727273,1012.0416666666666,415.8460900348726
2020-08-13 12:00:00,2020-08-13 23:30:00,1.8583333333333334,286.32916666666665,47.875,1008.5833333333334,293.31679005969795
2020-08-14 12:00:00,2020-08-14 23:30:00,2.1625,286.5833333333333,64.04166666666667,1006.9166666666666,458.3191244121406
2020-08-15 12:00:00,2020-08-15 23:30:00,2.858333333333333,283.6083333333333,37.375,1011.1666666666666,907.6826271895802
2020-08-16 12:00:00,2020-08-16 23:30:00,2.35,286.21666666666664,43.083333333333336,1010.0833333333334,542.5746560856129
2020-08-17 12:00:00,2020-08-17 23:30:00,2.278260869565217,287.55,47.04347826086956,1007.8333333333334,356.828187506686
2020-08-18 12:00:00,2020-08-18 23:30:00,3.295833333333333,286.29583333333335,41.291666666666664,1012.375,576.0326788306842
2020-08-19 12:00:00,2020-08-19 23:30:00,2.0083333333333333,279.7291666666667,63.666666666666664,1026.5,847.1295306290011
2020-08-20 12:00:00,2020-08-20 23:30:00,1.8166666666666667,282.3958333333333,43.75,1027.75,774.8012756687298
2020-08-21 12:00:00,2020-08-21 23:30:00,2.125,285.6333333333333,36.333333333333336,1024.5,408.57043122425216
2020-08-22 12:00:00,2020-08-22 23:30:00,3.7249999999999996,287.05833333333334,49.333333333333336,1020.0,600.053361467894
2020-08-23 12:00:00,2020-08-23 23:30:00,3.0875,289.4458333333333,56.666666666666664,1013.25,595.2816501599108
2020-08-24 12:00:00,2020-08-24 23:30:00,2.7624999999999997,292.69166666666666,58.958333333333336,1008.2916666666666,458.7114295364545
2020-08-25 12:00:00,2020-08-25 23:30:00,2.25,291.0541666666667,80.78571428571429,1006.8333333333334,250.18924662298767
2020-08-26 12:00:00,2020-08-26 23:30:00,2.8541666666666665,289.08750000000003,75.54166666666667,1009.5416666666666,432.79727420740227
2020-08-27 12:00:00,2020-08-27 23:30:00,1.991666666666667,288.12083333333334,70.5,1014.5416666666666,377.596340414251
2020-08-28 12:00:00,2020-08-28 23:30:00,1.3625,289.2583333333333,86.33333333333333,1009.1666666666666,218.98097367245236
2020-08-29 12:00:00,2020-08-29 23:30:00,2.558333333333333,282.625,69.91666666666667,1018.875,754.6335897881764
2020-08-30 12:00:00,2020-08-30 23:30:00,1.4416666666666667,282.7,56.5,1023.9583333333334,489.50738179510864
2020-08-31 12:00:00,2020-08-31 23:30:00,2.6916666666666664,283.68333333333334,64.16666666666667,1029.9583333333333,791.7444536142335
2020-09-01 12:00:00,2020-09-01 23:30:00,4.075,283.1708333333333,82.25,1025.0,933.7348899348445
2020-09-02 12:00:00,2020-09-02 23:30:00,4.229166666666667,283.1166666666667,91.83333333333333,1010.5833333333334,806.2257167489898
2020-09-03 12:00:00,2020-09-03 23:30:00,1.8458333333333334,284.62083333333334,76.79166666666667,1014.625,447.4386618826952
2020-09-04 12:00:00,2020-09-04 23:30:00,1.0541666666666667,286.1791666666667,78.95833333333333,1017.8333333333334,384.26752908434673
2020-09-05 12:00:00,2020-09-05 23:30:00,4.308695652173912,285.1791666666667,70.08695652173913,1021.0416666666666,628.243286829319
2020-09-06 12:00:00,2020-09-06 23:30:00,2.1666666666666665,284.2,74.33333333333333,1023.4583333333334,513.0016550053052
2020-09-07 12:00:00,2020-09-07 23:30:00,2.9416666666666664,286.8541666666667,68.875,1020.0416666666666,425.4375500130002
2020-09-08 12:00:00,2020-09-08 23:30:00,3.2375000000000003,289.8583333333333,70.79166666666667,1013.7916666666666,612.8393060297213
2020-09-09 12:00:00,2020-09-09 23:30:00,1.1208333333333333,289.16249999999997,79.625,1015.4166666666666,198.3669406351535
2020-09-10 12:00:00,2020-09-10 23:30:00,2.7125,290.6125,70.54166666666667,1009.25,372.53040026303216
2020-09-11 12:00:00,2020-09-11 23:30:00,3.341666666666667,286.80833333333334,52.75,1013.9166666666666,479.02723061700436
2020-09-12 12:00:00,2020-09-12 23:30:00,1.75,287.5416666666667,64.25,1012.5416666666666,365.6230278956453
2020-09-13 12:00:00,2020-09-13 23:30:00,2.275,287.375,49.958333333333336,1019.2083333333334,632.0122182021936
2020-09-14 12:00:00,2020-09-14 23:30:00,2.85,286.65000000000003,45.083333333333336,1023.0416666666666,501.46268030290435
2020-09-15 12:00:00,2020-09-15 23:30:00,1.4958333333333333,285.7958333333333,69.125,1015.0416666666666,442.74701284497996
2020-09-16 12:00:00,2020-09-16 23:30:00,1.575,287.9,63.75,1012.7083333333334,337.6312566531339
2020-09-17 12:00:00,2020-09-17 23:30:00,2.6833333333333336,294.1791666666667,35.708333333333336,1006.25,410.9442775377034
2020-09-18 12:00:00,2020-09-18 23:30:00,1.9875,288.7083333333333,41.0,1013.3333333333334,502.42142598936607
2020-09-19 12:00:00,2020-09-19 23:30:00,1.8708333333333333,284.6375,37.666666666666664,1021.25,874.7209905201718
2020-09-20 12:00:00,2020-09-20 23:30:00,2.233333333333333,287.0833333333333,39.75,1021.3333333333334,787.7733650089318
2020-09-21 12:00:00,2020-09-21 23:30:00,2.433333333333333,285.9458333333333,59.791666666666664,1021.2083333333334,448.7296659907695
2020-09-22 12:00:00,2020-09-22 23:30:00,2.0708333333333333,289.18333333333334,59.0,1018.0833333333334,408.7585775593822
2020-09-23 12:00:00,2020-09-23 23:30:00,1.6583333333333332,290.9791666666667,57.333333333333336,1017.6666666666666,272.85887844942204
2020-09-24 12:00:00,2020-09-24 23:30:00,2.775,291.625,59.416666666666664,1014.5833333333334,363.3612687605692
2020-09-25 12:00:00,2020-09-25 23:30:00,3.7249999999999996,289.39166666666665,80.0,1009.4166666666666,408.87867096478453
2020-09-26 12:00:00,2020-09-26 23:30:00,1.425,290.32916666666665,89.16666666666667,1002.6666666666666,351.648158620335
2020-09-27 12:00:00,2020-09-27 23:30:00,3.0,286.41249999999997,73.04166666666667,1006.9166666666666,815.5889992568527
2020-09-28 12:00:00,2020-09-28 23:30:00,2.225,290.75416666666666,52.583333333333336,1009.6666666666666,532.0164441939975
2020-09-29 12:00:00,2020-09-29 23:30:00,3.7291666666666665,293.075,55.291666666666664,1005.625,471.7035344442229
2020-09-30 12:00:00,2020-09-30 23:30:00,2.783333333333333,293.27916666666664,56.458333333333336,1003.4583333333334,283.35504208158005
2020-10-01 12:00:00,2020-10-01 23:30:00,3.579166666666666,287.9875,52.5,1011.7916666666666,710.6673940704072
2020-10-02 12:00:00,2020-10-02 23:30:00,4.3625,283.97499999999997,58.375,1025.0833333333333,1117.463789303015
2020-10-03 12:00:00,2020-10-03 23:30:00,4.929166666666666,284.3375,61.791666666666664,1024.9583333333333,1058.1476548180785
2020-10-04 12:00:00,2020-10-04 23:30:00,2.9291666666666667,286.72499999999997,80.16666666666667,1015.4583333333334,672.5197238443778
2020-10-05 12:00:00,2020-10-05 23:30:00,1.6833333333333333,287.09166666666664,72.5,1013.7083333333334,603.7422305704998
2020-10-06 12:00:00,2020-10-06 23:30:00,1.6291666666666667,289.6958333333333,68.75,1012.0416666666666,400.4300998947352
2020-10-07 12:00:00,2020-10-07 23:30:00,2.3916666666666666,291.95,54.5,1013.25,443.5436324341484
2020-10-08 12:00:00,2020-10-08 23:30:00,1.7916666666666667,290.53749999999997,48.5,1011.9166666666666,353.52762041488035
2020-10-09 12:00:00,2020-10-09 23:30:00,2.4916666666666667,290.3958333333333,48.125,1013.2916666666666,1064.2463982557572
2020-10-10 12:00:00,2020-10-10 23:30:00,3.5083333333333333,291.15833333333336,52.583333333333336,1010.5416666666666,706.7083148056458
2020-10-11 12:00:00,2020-10-11 23:30:00,2.8541666666666665,288.69166666666666,66.70833333333333,1012.1666666666666,1060.7076459099032
2020-10-12 12:00:00,2020-10-12 23:30:00,1.5083333333333335,291.4583333333333,66.0,1014.4583333333334,483.1704531033826
2020-10-13 12:00:00,2020-10-13 23:30:00,1.9124999999999999,292.2583333333333,58.541666666666664,1011.2916666666666,348.45167247987797
2020-10-14 12:00:00,2020-10-14 23:30:00,2.3541666666666665,292.575,62.875,1017.25,484.47947122226714
2020-10-15 12:00:00,2020-10-15 23:30:00,2.8541666666666665,291.6666666666667,77.25,1019.1666666666666,430.08716635882456
2020-10-16 12:00:00,2020-10-16 23:30:00,3.5208333333333335,294.4208333333333,68.54166666666667,1013.75,500.21771200023403
2020-10-17 12:00:00,2020-10-17 23:30:00,2.4916666666666667,295.34999999999997,76.5,1008.0833333333334,358.05314024178915
2020-10-18 12:00:00,2020-10-18 23:30:00,3.3541666666666665,300.17083333333335,64.16666666666667,1004.0,552.9947605610163
2020-10-19 12:00:00,2020-10-19 23:30:00,4.529166666666667,290.5,82.08333333333333,1014.4583333333334,737.7024211832137
2020-10-20 12:00:00,2020-10-20 23:30:00,4.1625000000000005,287.075,59.791666666666664,1023.3333333333334,906.9040216112221
2020-10-21 12:00:00,2020-10-21 23:30:00,4.25,288.5625,80.72727272727273,1019.2916666666666,867.0830499365871
2020-10-22 12:00:00,2020-10-22 23:30:00,1.9124999999999999,290.31666666666666,90.58333333333333,1014.0833333333334,395.9406080894471
2020-10-23 12:00:00,2020-10-23 23:30:00,1.675,293.15416666666664,83.625,1011.3333333333334,308.3925155511955
2020-10-24 12:00:00,2020-10-24 23:30:00,2.379166666666667,294.32916666666665,82.58333333333333,1007.3333333333334,349.0421317231058
2020-10-25 12:00:00,2020-10-25 23:30:00,2.658333333333333,292.2,83.79166666666667,1006.6666666666666,514.3947385079715
2020-10-26 12:00:00,2020-10-26 23:30:00,2.220833333333333,290.3041666666667,57.666666666666664,1009.5416666666666,714.6084593243583
2020-10-27 12:00:00,2020-10-27 23:30:00,2.0166666666666666,290.5833333333333,61.0,1005.3333333333334,484.10718166552016
2020-10-28 12:00:00,2020-10-28 23:30:00,3.2916666666666665,287.27500000000003,70.5,1013.0416666666666,670.4841406228094
2020-10-29 12:00:00,2020-10-29 23:30:00,2.954166666666667,287.1375,58.25,1022.4166666666666,987.1844615658797
2020-10-30 12:00:00,2020-10-30 23:30:00,1.9583333333333333,288.64166666666665,59.666666666666664,1023.625,558.9754121500495
2020-10-31 12:00:00,2020-10-31 23:30:00,2.091666666666667,291.9458333333333,52.541666666666664,1021.5416666666666,430.4154216669242
2020-11-01 12:00:00,2020-11-01 23:30:00,2.725,293.21666666666664,46.625,1017.7083333333334,466.5335133416552
2020-11-02 12:00:00,2020-11-02 23:30:00,2.5124999999999997,293.0416666666667,60.75,1016.1666666666666,457.20225574189936
2020-11-03 12:00:00,2020-11-03 23:30:00,4.5249999999999995,292.65416666666664,61.0,1019.125,616.3620459215216
2020-11-04 12:00:00,2020-11-04 23:30:00,4.991666666666666,292.7583333333333,52.708333333333336,1017.4166666666666,885.4753549739448
2020-11-05 12:00:00,2020-11-05 23:30:00,2.821739130434783,293.8333333333333,61.78260869565217,1015.9583333333334,553.2209364745237
2020-11-06 12:00:00,2020-11-06 23:30:00,1.9583333333333333,295.17083333333335,63.666666666666664,1016.0833333333334,481.4571205196435
2020-11-07 12:00:00,2020-11-07 23:30:00,2.725,295.1333333333333,64.08333333333333,1017.25,443.84586750441076
2020-11-08 12:00:00,2020-11-08 23:30:00,2.9291666666666667,294.625,61.5,1016.375,562.5842189823871
2020-11-09 12:00:00,2020-11-09 23:30:00,2.4,293.0833333333333,71.08333333333333,1014.625,494.0489140760712
2020-11-10 12:00:00,2020-11-10 23:30:00,3.1739130434782608,294.275,66.30434782608695,1014.0833333333334,635.7891558020946
2020-11-11 12:00:00,2020-11-11 23:30:00,3.3249999999999997,294.3125,67.58333333333333,1013.7916666666666,607.4631245812138
2020-11-12 12:00:00,2020-11-12 23:30:00,2.408695652173913,294.7,69.56521739130434,1011.9166666666666,452.76680596904225
2020-11-13 12:00:00,2020-11-13 23:30:00,1.8708333333333333,295.84166666666664,69.41666666666667,1007.9583333333334,419.58299649963965
2020-11-14 12:00:00,2020-11-14 23:30:00,2.4625,293.8541666666667,70.375,1008.75,448.9638481313039
2020-11-15 12:00:00,2020-11-15 23:30:00,1.4541666666666666,293.5541666666667,54.0,1011.5833333333334,799.9007973978033
2020-11-16 12:00:00,2020-11-16 23:30:00,2.5666666666666664,383.0416666666667,46.04761904761905,1011.0416666666666,641.2774244289786
2020-11-17 12:00:00,2020-11-17 23:30:00,1.980952380952381,296.5416666666667,52.0,1009.0,549.3519272638138
2020-11-18 12:00:00,2020-11-18 23:30:00,1.9636363636363638,293.95416666666665,64.68181818181819,1013.25,758.8068356259047
2020-11-19 12:00:00,2020-11-19 23:30:00,2.591666666666667,293.09166666666664,63.125,1016.0416666666666,802.4868087274664
2020-11-20 12:00:00,2020-11-20 23:30:00,3.4291666666666667,294.8958333333333,61.0,1013.75,730.2566300482737
2020-11-21 12:00:00,2020-11-21 23:30:00,2.2956521739130435,296.39166666666665,54.73913043478261,1013.6666666666666,620.9035782024838
2020-11-22 12:00:00,2020-11-22 23:30:00,3.5416666666666665,297.4625,52.458333333333336,1013.2083333333334,644.0555852072844
2020-11-23 12:00:00,2020-11-23 23:30:00,2.9166666666666665,300.3125,48.208333333333336,1007.125,636.3656041480252
2020-11-24 12:00:00,2020-11-24 23:30:00,3.6875,296.9458333333333,73.5,1005.9583333333334,494.36916315714365
2020-11-25 12:00:00,2020-11-25 23:30:00,2.4166666666666665,295.51666666666665,67.41666666666667,1008.3333333333334,407.49159213238835
2020-11-26 12:00:00,2020-11-26 23:30:00,3.1916666666666664,294.78749999999997,41.041666666666664,1014.5416666666666,666.3769461580517
2020-11-27 12:00:00,2020-11-27 23:30:00,3.3791666666666664,298.93333333333334,55.666666666666664,1010.0,532.5988972101983
2020-11-28 12:00:00,2020-11-28 23:30:00,1.9875,294.15416666666664,79.70833333333333,1006.7083333333334,464.2057028336081
2020-11-29 12:00:00,2020-11-29 23:30:00,3.5583333333333336,295.425,44.583333333333336,1013.3333333333334,833.6450427590835
2020-11-30 12:00:00,2020-11-30 23:30:00,2.491304347826087,292.65416666666664,58.73913043478261,1014.75,726.4336566429678
2020-12-01 12:00:00,2020-12-01 23:30:00,1.9625000000000001,297.0708333333333,63.208333333333336,1007.3333333333334,572.7901568848227
2020-12-02 12:00:00,2020-12-02 23:30:00,1.7916666666666667,294.8125,74.91666666666667,1004.4166666666666,291.29521773542643
2020-12-03 12:00:00,2020-12-03 23:30:00,3.3166666666666664,295.175,45.375,1010.375,819.3579306297273
2020-12-04 12:00:00,2020-12-04 23:30:00,3.6500000000000004,290.69166666666666,48.333333333333336,1021.6666666666666,1273.2829812556963
2020-12-05 12:00:00,2020-12-05 23:30:00,2.225,291.1125,57.5,1021.2083333333334,835.3043333103916
2020-12-06 12:00:00,2020-12-06 23:30:00,3.091666666666667,293.97083333333336,53.0,1017.0416666666666,617.1906904187971
2020-12-07 12:00:00,2020-12-07 23:30:00,2.5125,295.51666666666665,61.375,1013.9583333333334,705.8116173786417
2020-12-08 12:00:00,2020-12-08 23:30:00,2.1750000000000003,297.1875,61.208333333333336,1012.4166666666666,493.32234897338753
2020-12-09 12:00:00,2020-12-09 23:30:00,1.7333333333333332,300.9375,48.523809523809526,1009.0416666666666,464.3197915687402
2020-12-10 12:00:00,2020-12-10 23:30:00,5.3125,301.47499999999997,44.708333333333336,1001.2916666666666,930.0840504106167
2020-12-11 12:00:00,2020-12-11 23:30:00,1.5826086956521739,295.05,44.30434782608695,1005.6666666666666,614.6046790891351
2020-12-12 12:00:00,2020-12-12 23:30:00,3.9,296.8541666666667,59.5,1003.125,668.7648033687999
2020-12-13 12:00:00,2020-12-13 23:30:00,2.9791666666666665,293.53749999999997,56.25,1009.0,775.4257613768222
2020-12-14 12:00:00,2020-12-14 23:30:00,3.6666666666666665,296.34166666666664,47.583333333333336,1004.25,768.4523376364638
2020-12-15 12:00:00,2020-12-15 23:30:00,3.279166666666667,292.71666666666664,52.875,1011.4583333333334,668.8768905471755
2020-12-16 12:00:00,2020-12-16 23:30:00,2.1875,296.56666666666666,53.666666666666664,1011.6666666666666,416.80283416457723
2020-12-17 12:00:00,2020-12-17 23:30:00,1.9833333333333334,299.3125,56.458333333333336,1006.4166666666666,333.00966210190336
2020-12-18 12:00:00,2020-12-18 23:30:00,2.4375,299.94166666666666,57.208333333333336,997.8333333333334,563.114631522914
2020-12-19 12:00:00,2020-12-19 23:30:00,5.479166666666667,292.66249999999997,52.5,1002.25,1364.8522013181669
2020-12-20 12:00:00,2020-12-20 23:30:00,2.029166666666667,292.16249999999997,46.416666666666664,1011.7083333333334,1105.202252611443
2020-12-21 12:00:00,2020-12-21 23:30:00,2.4916666666666667,296.01666666666665,49.541666666666664,1013.5833333333334,564.0553631985651
2020-12-22 12:00:00,2020-12-22 23:30:00,2.1374999999999997,299.9583333333333,39.5,1010.75,501.70687022722205
2020-12-23 12:00:00,2020-12-23 23:30:00,2.725,299.92083333333335,51.125,1009.0,502.32935437855707
2020-12-24 12:00:00,2020-12-24 23:30:00,3.2916666666666665,300.025,59.375,1009.4166666666666,463.2049244552559
2020-12-25 12:00:00,2020-12-25 23:30:00,2.5125,299.0833333333333,67.45833333333333,1010.0416666666666,449.6924147907444
2020-12-26 12:00:00,2020-12-26 23:30:00,3.3249999999999997,298.6333333333333,65.125,1011.2083333333334,637.5865537696153
2020-12-27 12:00:00,2020-12-27 23:30:00,4.375,299.4833333333333,65.125,1011.2916666666666,595.2396174680199
2020-12-28 12:00:00,2020-12-28 23:30:00,2.6083333333333334,300.1791666666667,67.29166666666667,1007.7083333333334,555.8589882798605
2020-12-29 12:00:00,2020-12-29 23:30:00,1.7375,299.9375,70.125,1001.3333333333334,604.0304547434656
2020-12-30 12:00:00,2020-12-30 23:30:00,4.216666666666667,294.1958333333333,42.416666666666664,1007.2083333333334,1138.3880636376023
2020-12-31 12:00:00,2020-12-31 17:30:00,2.5166666666666666,300.14166666666665,28.416666666666668,1009.75,1585.1535457448397
