"ID";"volumen_aforo";"area_analizada";"area_material";"Be";"Na";"Mg";"Al";"K";"Ca";"Ti";"V";"Cr";"Mn";"Fe";"Co";"Ni";"Cu";"Zn";"As";"Se";"Mo";"Ag";"Cd";"Sb";"Ba";"Hg";"Pb";"Lote";"Blanco"
1;50;42,95;406,4508;0,275;17652,4248124886;1405,01318992178;1135,84697983108;680,195823134971;3235,85061668122;33,299487404599;3,79216338044766;12,9457786127398;9,75643358448175;436,460462665483;0,592607879936329;11,7425145071752;11,9838361227837;99,2937418884496;0,25;0,06;1,30008264089776;0,05;0,265;1,90547371262114;51,8629251531212;0,11;6,4208893013559;"4";"0"
2;50;44,45;406,4508;0,275;18838,9461355549;1388,17459940809;1434,18190410409;1707,19277102121;3808,45418238735;29,7780361596209;5,05344025245408;13,8989816369018;9,32326666152402;397,517232747175;0,4689508315102;12,7043617879391;25,7712344914869;114,2011989022;1,70501748317652;0,06;1,422996082665;0,318710597528052;0,762088175253281;5,66389576024938;56,3372452032048;0,13;54,8462949980415;"4";"0"
3;50;42,95;406,4508;0,275;16933,2008829109;1319,24355175672;1220,07356984332;749,833653683357;3460,38963674335;34,8664273975918;6,3807666968976;14,3616855232995;11,751356347291;467,751809603691;0,451027623890027;12,4049936328377;14,1106642708557;105,518957819349;0,642964843475722;0,06;1,42453652975424;0,08;0,265;1,54495684560152;64,5088354809343;0,13;6,9110362937585;"4";"0"
4;50;42,95;406,4508;0,275;16544,3373211833;1075,8507955434;891,885256836566;599,518264454317;3653,57411117029;24,389670048078;4,32322526469808;12,509037386605;6,75486287861908;300,160322607899;0,015;11,2147997902438;12,3107690330132;74,3132052699266;0,25;0,06;2,12293903560225;0,08;0,265;2,32626683181047;52,4465326944847;0,13;7,67277773540155;"4";"0"
5;50;42,95;406,4508;0,275;16974,6331681893;1264,73597935497;1168,81022242376;699,154711844565;4106,75758985942;36,1807856442951;4,00022947519255;18,5261917185067;9,42420696611714;483,072522048711;0,866616146588517;13,9650184017648;27,020396150656;333,030620490316;1,98455254794198;0,06;1,8590753327152;0,319020106732522;1,58464862515442;9,7400617757934;68,1985092805307;0,11;195,181278841456;"4";"0"
6;50;42,95;406,4508;0,275;16138,7804554829;1228,80345040058;1023,61954878845;949,406861176992;3909,12207329497;28,1764316665202;4,48501669061342;9,55979812371066;14,7800908940175;328,107106599106;0,2;14,3801573800677;24,4225548523119;103,520913522191;1,16977207118935;0,06;1,36445108572332;0,05;0,265;6,27809133897446;51,2579780328982;0,13;11,9070999924333;"4";"0"
7;50;41,45;406,4508;0,275;17558,3498806456;1246,50269732446;1111,82467222712;1161,45297919456;3388,40127895495;32,2257181682483;2,70537572997312;16,6281990650792;10,0905441696428;546,801308085591;0,722109814180943;16,5686630245415;41,3135270123348;153,419393657769;2,92851077162778;1,31277203148161;1,61184675161349;0,414081632796012;2,32637238120962;22,1960150816638;61,5099754629658;0,11;287,218754296486;"4";"0"
8;50;39,95;406,4508;0,275;15391,2497337987;1164,10056030556;1266,17205134919;724,88368778814;3844,49499029712;37,484045422496;7,47467084802704;9,37772646061671;10,1609858645698;479,081372879681;0,558797304184416;23,3350433400806;15,6852567441951;100,339851813516;0,25;0,06;1,24061723850121;0,289812784769282;0,265;1,66615387012188;53,0726849820482;0,11;5,63520728657434;"4";"0"
9;50;42,95;406,4508;0,275;16316,6956410369;1021,44752991366;805,034242627212;695,281982580432;2991,49563128834;19,2547163171152;1,92594314366139;10,9730893185414;4,17677685168711;235,130315112655;0,2;5,96905328767762;25,0899816471569;98,7614761616034;2,69025617396595;0,06;1,1031152937525;0,05;0,265;10,7144459534765;50,4390197685358;0,13;23,805157212293;"4";"0"
10;50;42,95;406,4508;0,275;17315,3224378898;1347,9400639283;1173,04944482654;838,752765342109;3295,24570127587;33,6697758162934;3,26561735739451;10,3912551830474;9,184988222566;588,758268182707;0,2;5,46204891110787;24,7804235818114;75,8263884281321;0,973151530212849;0,06;1,6793843575075;0,05;0,265;5,41172998718803;58,0224942321266;0,13;9,05997626154148;"4";"0"
11;50;44,45;406,4508;0,275;16917,9829978552;1110,25618031442;1174,9927153266;864,383318407942;3525,91319763327;37,9993414498448;6,3623713139189;11,4121053636189;12,5002471713756;583,328977466854;0,015;7,14393050800629;26,2823272730243;107,423837114993;1,36752837899863;0,06;1,34321456095924;0,05;0,651932329855555;7,89448945386124;65,7179027999882;0,13;21,507240013374;"4";"0"
12;50;41,45;406,4508;0,275;16777,3585418051;1057,36843016823;974,468048189423;730,630982930852;3426,13362664572;25,4049658959242;7,62357966176967;13,9126960519597;7,65070019446232;414,126866923415;0,586665657159656;10,1847519069928;20,262896244194;178,610068563762;1,35882480276576;2,01477580585566;1,78793494826324;0,333460516719727;24,8016890698639;4,99773754070475;57,392904832632;0,11;38,3347732781058;"4";"0"
14;50;42,95;406,4508;0,275;22094,6639999733;725,002893196106;666,72272867113;733,410793308491;2786,9429203338;20,1239733918087;7,61754064613523;9,78801878026801;9,90129562504992;328,628254846365;0,2;8,03687844699039;21,6012611930524;136,925664913887;2,64310813268729;0,06;1,24642719326491;0,05;0,942681607137487;3,98398758993684;45,9689530442245;0,13;68,7687350392031;"4";"0"
15;50;44,45;406,4508;0,275;33917,4448462283;1215,69400595013;842,777840771599;707,327584266268;3193,64667001222;23,7342812070387;8,15128851823498;11,1200058528912;13,9854849124714;695,064154679374;0,2;8,35170284602343;32,4946059633211;196,303404701864;0,686616375663225;0,06;1,87625522803081;0,08;1,01037450183261;3,50264159929637;80,5502561503624;0,13;25,4937988298721;"4";"0"
16;50;42,95;406,4508;0,275;29372,7666089923;1212,58878881187;976,308612444541;733,75503208553;3325,55560139922;22,8581687431508;1,53968759383372;8,21492556089151;4,93623605873925;204,246270020313;0,2;4,79791341872231;16,4315593259827;78,3459081101597;1,30233261008227;0,06;1,15373739940108;0,08;0,265;4,48541593851678;45,9249642730787;0,13;24,8323339254999;"4";"0"
18;50;42,95;406,4508;0,275;16885,5324650223;1133,28145020082;1019,08278271403;962,038182386891;3635,27066758063;28,3299191630117;7,74332565961333;11,5558100952449;17,7351181184506;411,291646473706;0,2;7,38321808020648;29,9959847151441;139,420851197002;1,81074110274912;0,06;1,43717724128694;0,42438425120269;0,86241393118267;13,4195111151633;52,0499197602042;0,13;41,9549911057669;"4";"0"
19;50;42,95;406,4508;0,275;17937,9367590125;1279,70264881695;1111,68138819836;1091,32499657376;3186,10503255063;29,2532932302641;5,63413157024385;19,3901872020913;12,7948247033892;491,73886194159;0,015;6,59769522289792;76,6610228513044;430,238891045615;4,21977067840714;5,9190588596427;2,3219454089692;0,377583593722663;4,36331452285846;29,3135410711619;64,7434996178146;0,13;372,698621185544;"4";"0"
20;50;42,95;406,4508;0,275;16789,0911564399;959,014211832529;796,331916467331;668,14287834411;2663,52020595677;19,6746349856417;4,34174330221906;11,6937255135161;6,34416047095899;322,22843552724;0,826786013974928;7,09507403019722;32,7218670976289;263,634736526451;2,64480427481058;0,2;1,30900988775605;0,05;0,814682010863545;9,06252560559375;52,3316348680096;0,11;105,654153562196;"4";"0"
21;50;42,95;406,4508;0,275;16078,5806337695;1254,7015681998;1013,48732435683;952,883888622231;3335,75704810765;25,3298247714659;6,23117425005761;13,4301201673771;10,943287477514;294,3330029667;0,2;5,9836930424353;19,4303677666655;164,703505466371;2,12611786373585;0,06;2,90914837359707;0,05;1,04424764377459;7,89111945279301;49,1566714521243;0,13;44,0331162977277;"4";"0"
24;50;42,95;406,4508;0,275;16807,6481832924;1176,03400814139;981,905008529764;977,943039655475;3392,74985612613;25,4615079945579;6,08227004266064;9,44745033414127;15,200266258902;346,922896156128;0,2;6,51785090197286;19,5912930237663;169,21487472246;1,68772901607963;0,06;1,30551408034567;0,05;0,704494723498264;3,13208709105387;54,4335042629389;0,13;22,0754215110558;"4";"0"
25;50;42,95;406,4508;0,275;16955,5439074474;1258,51833020003;984,114168390891;586,312314956286;3347,70027602075;25,8319346555884;1,37499192607756;10,9585215344803;5,0747113038179;185,54312286997;0,2;4,78461228238658;25,4784298227202;147,636133156371;0,897812119983064;0,06;1,56283334402599;0,580586658209497;0,265;5,46413150938731;49,7770473575891;0,13;85,4857043226655;"4";"0"
26;50;42,95;406,4508;0,275;16601,7609217097;1231,99197806738;968,376963983084;668,553975263619;3092,90888830805;20,8703494564471;1,47587640034436;13,7013114829662;6,01902688136103;201,613680578178;0,2;4,91714543710735;18,5987449924427;124,292927043766;1,39362246551969;0,98551996251049;1,11809443852701;0,05;3,44602701798626;4,41954087274627;45,2173672267397;0,13;38,3550991924531;"4";"0"
27;50;42,95;406,4508;0,275;16624,3172859424;1097,73268799013;907,561337375633;692,163215520381;3604,77892704532;23,1783595127168;6,40035039169477;10,9490022167828;5,61977237353258;279,359002269341;0,2;6,6971265997634;12,3018811244069;93,4802175540809;0,829310199471354;0,06;1,26698055201602;0,08;0,265;2,18819403271486;52,202590320991;0,13;11,9786074984417;"4";"0"
28;50;42,95;406,4508;0,275;16788,7188117248;1211,34443534762;1098,98033662567;1174,38181948923;3356,09099925749;24,1158546406508;5,7096043501357;11,2842059494075;6,13979231357512;279,395076592869;0,2;6,24848233009572;70,1124305757621;175,039993776145;2,73748407875428;0,06;1,47046273721621;0,297533388084057;1,57892406313517;10,2583888496238;51,9255134702285;0,11;65,9349659258732;"4";"0"
29;50;42,95;406,4508;0,275;15405,8613249834;927,311992007985;914,84843656082;700,669389486155;3220,07357871277;25,4202174714267;1,87551738864719;9,80871584352439;14,0373947279147;309,305701205631;0,2;4,73456722386697;13,6144823044524;160,325054254325;0,98854814086712;0,06;1,14304168185887;0,05;0,910457563908265;4,20761671510338;47,4439906443804;0,13;17,6251800861011;"4";"0"
30;50;42,95;406,4508;0,275;16294,6893987719;973,909534732901;708,635885253141;586,399540361265;2707,85048427057;16,8003689419868;1,55786757972572;14,2969198988174;2,70971263494695;139,884097470001;0,2;4,31032199196477;19,0269761218158;67,4508483903213;0,04;0,06;2,06490563124767;0,08;0,265;3,53115227643726;43,8173121033969;0,13;8,71836924474322;"4";"0"
33;50;42,95;406,4508;0,275;16377,8235233346;1205,75761328687;956,455389822412;950,052594551242;3369,5313777346;24,6883712742827;3,74051698456981;9,338082871154;6,00345797098728;270,1424497343;0,2;5,15256328503233;11,8945231590281;76,5349821025029;0,828777507035416;0,06;1,16461441934615;0,08;0,265;1,37305921170959;50,4386420918619;0,13;4,64946127599477;"4";"0"
34;50;42,95;406,4508;0,275;16795,4576186436;1348,74584692191;1107,08333024629;1343,61755116946;3653,04490569513;27,2078656339334;8,05036027836181;10,7256078981524;8,97443117619886;327,556320114831;0,452257104344144;9,35787738073198;28,9817379334689;207,479235449343;2,08956292278052;0,06;1,36495008830038;0,260245143858169;0,926176512935453;3,10924674997909;52,8571879133692;0,13;41,482751354874;"4";"0"
35;50;42,95;406,4508;0,275;15859,0967198558;1183,45577256806;953,982828427045;852,592412154898;3006,03183001514;24,5806575324025;10,623159967621;9,07953817054891;5,83913097802442;309,148186464394;0,2;6,56253593401305;22,7447629010343;164,060934730566;1,73474023509058;0,06;1,36466468697333;0,08;1,01280506135386;5,9733391718822;49,6866745216425;0,837546938110721;25,395447768963;"4";"0"
36;50;42,95;406,4508;0,275;15573,4974260217;1110,02044664681;946,12597841214;686,755348603635;3126,67118679791;36,4322584175383;2,9680783964555;8,98861722719662;10,4686580858781;298,922151239173;0,2;4,38437251537055;21,6420095689313;116,242881108708;0,660009981024957;0,06;1,42719936614391;0,05;0,630157888258346;1,75705106116078;44,7560280896404;0,11;8,9092830164538;"4";"0"
201;50;42,95;406,4508;0,275;13243,2094350209;772,927277133302;580,73690213829;235;2065,5992464311;12,3978746539109;1,36174846520975;11,4118412021408;1,60506031235137;88,5536188880255;0,2;3,27771809668575;16,553443920566;56,4594278110092;0,25;0,06;0,055;0,05;0,265;0,25;35,7689763216611;0,13;1,40207165387437;"4";"1"
202;50;42,95;406,4508;0,275;7486,39593965364;579,871149145457;468,591788716065;235;1782,41085179427;9,87773302698272;0,732623504525398;5,80558673970102;0,865810258991679;47,3223467957994;0,2;2,23276088376487;6,73364567349642;31,5646352236951;0,25;0,06;0,4;0,08;0,265;0,25;22,4960270533701;0,13;0,660722134740596;"4";"1"
37;50;44,45;406,4508;0,275;13853,2154785693;1223,21547856985;1403,63421547856;1718,25632547896;3899,32145896587;49,8113253254125;4,23223652145874;12,6643256898785;16,1482012458965;670,652236521452;3,25432654125896;18,0353214569854;70,4582362152896;241,147215478563;0,852236521458745;0,06;5,77252136547856;7,12432154125896;1,08432012547859;2,85832652145874;57,7685214255203;1,13423654789654;31,2312312547856;"14";"0"
38;50;44,45;406,4508;0,17;14834,3265896547;1329,32012569854;1198,53432012457;2463,26521547859;3975,32652365896;34,6320125698547;3,12332012589658;11,8853201245896;12,0433202314528;508,283320321547;0,887326521458755;17,3923210256478;141,353256321478;497,825231542365;1,79832102546325;2,44632512565895;4,23232012547856;8,19232012012547;2,42132012547585;16,5732652547857;63,4673256325698;1,17832654785698;125,072632512547;"14";"0"
39;50;44,45;406,4508;0,275;13741,2365874589;1172,32036589652;905,397212032569;1022,32654785965;3941,32658965823;27,0123201265478;2,89932036521458;9,97332012547856;8,06332201254785;402,056320321452;0,2;10,5023201254698;46,3773201258965;422,223152478569;1,87832102145789;0,06;2,58320124587965;18,9732659852541;0,757325475754785;9,0573202155968;57,5833263256985;1,35623659874587;34,0682320125478;"14";"0"
40;50;44,45;406,4508;0,275;13904,3265896547;1274,32012547856;1121,66832023658;2163,32012458745;3707,23569854785;34,1853203256985;5,53632025632589;18,7983201254785;16,2673202145236;505,699302120365;0,641326521458965;15,383320320125;70,6223210254789;357,903321254785;1,91132652102154;2,19632012568596;19,8743201254785;15,4323256985478;4,18632569854885;19,2232582223652;60,7413265412569;0,93201254698789;63,5773265325412;"14";"0"
41;50;44,45;406,4508;0,275;14913,2658974589;1123,32012478965;1711,16932147521;3413,32012547854;4811,23652145789;73,8182102536985;4,11532102563254;13,8132012457856;25,4543202145258;898,482236521458;0,924232012547856;27,8743587458412;74,7972154785698;244,335321456985;0,704320125478569;0,06;2,23932012547856;5,75235961254785;0,70932012547852;3,10232012201202;68,2376985478547;0,763236598741022;14,4023201254785;"14";"0"
42;50;44,45;406,4508;0,275;17343,3214025632;1575,69854785236;1411,15823652632;5535,23654120258;5199,32652140258;44,5343201254785;3,41153214785963;9,5320321456985;14,1613201254785;439,428236521458;1,04632102564785;33,9192365210258;104,155320125469;314,702321456985;0,773201254785698;0,06;1,83332012547856;8,61320125478569;1,00232012457859;1,53836521458965;54,6913652589658;0,11;16,0286255321452;"14";"0"
43;50;44,45;406,4508;0,275;17586,3210547896;1315,31596847856;1355,48732012548;5402,32658745896;5232,01254785963;47,3313265145203;10,7252365214587;12,7593256412589;18,7333201254785;704,842320124587;2,75432012546987;48,7942365214589;153,463321025698;349,628321025478;2,09923652145789;1,95132154785698;3,11532012547985;6,31332652102547;1,32832654125896;10,5553265985478;85,5163696369632;0,11;65,8136523655874;"14";"0"
44;50;44,45;406,4508;0,275;17609,3201245789;1508,32031458796;1413,88432012478;5221,21025478569;3201,254785963;41,8163265214587;5,46232012563258;15,3263201256478;14,1612365214578;544,447320124569;1,09323015469874;43,8693214569658;231,004521021457;271,888321587452;1,09932145698547;0,06;2,01332012547856;7,27532652102547;0,609320214587896;4,51320321593214;59,2263202201203;0,11;11,8352365255896;"14";"0"
45;50;44,45;406,4508;0,275;17183,2012457896;1509,32012023654;1325,89210356985;3823,65896547859;4474,5369854785;43,5192365203541;3,28732652145896;38,9573201254698;23,1143201254785;838,079321452036;1,24236589745821;45,557325478512;166,683215647859;381,502321458796;1,44232102456985;1,47432012547856;6,27632012458965;12,1643202145896;1,95136526985421;18,2663201254782;74,1513202023665;0,11;107,283320125475;"14";"0"
46;50;44,45;406,4508;0,275;13705,3201245785;1252,56987451256;1147,73832012457;3514,3215478521;3857,32652102632;39,2023658965896;20,1482365412014;12,8053265412547;17,5523201254785;721,841321025478;1,05532012546985;37,2073201254785;135,407320125478;240,089320125478;2,97536521452369;0,815320125698548;3,58320214578547;12,2443254445896;1,66719658732564;11,5853265214589;62,1523202014589;0,11;147,173256325412;"14";"0"
47;50;44,45;406,4508;0,275;15302,3201245785;1316,53214589654;1461,95525631789;1349,45214785963;4454,32012547856;42,3432658985785;5,90021258965478;14,5933202145896;17,6723201254785;711,566320125478;0,890321254698547;18,2261236698563;257,964320125469;324,043201258965;1,96732145874589;5,19932012547856;1,96121452145236;11,3493201254785;0,914912485365795;8,07932620125478;64,8263320254412;0,11;163,729325100214;"14";"0"
48;50;44,45;406,4508;0,275;14844,3201245789;1107,12302563214;1134,57630214785;2663,23658965874;3754,32012458965;47,0882365897458;18,8812154785963;21,0520125478589;30,5053201254785;1030,05632032145;0,919102536985412;24,8823210258963;85,0983202541698;397,403362145874;2,35132102458741;0,06;4,45936985547852;7,16432012547856;2,87632012547856;15,1063265210214;86,4393652589636;0,11;43,0622365214587;"14";"0"
49;50;44,45;406,4508;0,275;16135,3201245785;1247,32120365478;1035,11423651478;2785,23625896325;4108,23569854785;30,7443265896589;10,4342102589632;12,3233203214569;16,6443201254785;469,096214523658;0,522236521254785;20,5173210254785;56,0120365821479;376,763362154785;1,11131201201458;0,06;1,86536254125896;5,12323652145236;1,20432659856985;2,86532652145874;59,6862585225874;0,494236598547896;33,3192365210002;"14";"0"
50;50;44,45;406,4508;0,275;15221,3202365897;1193,26521365236;1275,52432561425;2853,20125478596;4271,23652154785;44,1842365202145;3,96432658965874;18,6793201254698;15,9933201254785;664,627320125478;0,571236521254785;13,8073200236589;59,3082536541258;253,739321025412;1,46432102102302;0,06;1,82636985214785;5,36712364589785;0,719323012547985;3,23432201254258;65,3153256325412;0,11;26,1722012547856;"14";"0"
51;50;44,45;406,4508;0,275;17323,3201247854;1642,63265469856;1824,66326589542;3582,32036524785;2365,896532145;53,9963202365896;3,79323654125874;13,9042365125896;21,4393625412589;902,919320124589;1,32223652125425;46,8214578569854;209,262365214589;385,502320125478;3,05132102589654;0,06;1,99132145896587;4,40812345678932;3,47523652145893;25,6723268958965;69,2773254125896;0,609236541254785;40,8472336521452;"14";"0"
52;50;44,45;406,4508;0,275;14061,3201596847;973,231254628972;1196,25432632589;3265,412547896;4041,32658965874;41,8222365412547;3,17232652145896;14,1343201254785;18,5863201247859;574,486320125478;0,563232110258965;9,64132012547854;75,6632365212589;236,493320125478;1,86332154789658;0,06;1,68532012589658;5,59636525417896;1,72732012458745;12,9752331558665;57,2433258745896;0,11;46,0373215487554;"14";"0"
53;50;44,45;406,4508;0,275;15363,2012036547;1319,53210245897;1429,92132021457;3201,245896532;3685,32658954125;38,9413265478596;13,8492365214025;14,3733201254785;10,5553214569854;696,394320125478;0,586120365269856;15,9243201254785;38,8223652125896;217,084320125478;1,37431589647853;0,06;2,33932021547856;4,37332102145785;0,265;5,23223365896587;62,9863201201254;0,895326584589652;25,58387541241;"14";"0"
54;50;44,45;406,4508;0,275;14101,5698478563;842,320125697412;991,543320125698;1855,23658978965;3097,32658954785;27,5172365896587;3,05432012547896;14,4192145785963;13,0223265214523;526,256236521478;0,926231025896523;14,9833202365214;56,7192365214589;229,393201254785;0,766321547854102;0,2;1,81732012547856;9,77320125478569;0,72733652565214;3,59300001254785;53,9912502541259;0,11;50,3422365258965;"14";"0"
55;50;44,45;406,4508;0,275;14029,3201245879;1191,32036589654;1522,46332012478;1583,23654125896;3882,23654785693;60,3812236525896;4,46132012547859;21,4243201254785;23,4432125632547;755,457320125478;0,568210236547856;46,9033201254785;74,2432365201254;392,068320125478;1,48321456987458;0,06;4,30432012547854;4,48352485471259;2,08532012547859;16,0832012547526;65,5883265236589;0,672365985478521;83,37883816428;"14";"0"
56;50;44,45;406,4508;0,275;15553,2065478954;1363,01258965412;1420,65332012547;1142,36521478596;4052,03256985478;49,5753265210214;10,2513201245785;12,7533201245785;11,7832652145874;567,832012457856;0,475320125478547;16,9743202125896;38,5935236325214;226,193201254785;0,846321458745896;0,06;1,51236521254785;1,01232569854785;0,588320125478569;4,16632654125478;69,9999658965896;0,11;43,9122362210121;"14";"0"
57;50;44,45;406,4508;0,275;12324,3215698547;565,326589658965;965,336326589652;2038,32012036547;2962,23652145896;48,5852365478523;6,15832036521147;12,0423236521457;21,8442365214258;738,891326654852;0,508236541258965;13,3293201254785;29,2912136521458;142,187321025478;0,853201254785693;0,06;1,31432012547856;0,703320125478598;0,623320214589658;3,11132652145875;55,9136985698548;0,11;18,0323325210225;"14";"0"
58;50;44,45;406,4508;0,275;14287,3202145874;957,326589654782;1887,89535621935;7639,23012547859;4212,36541258965;87,6293203256985;6,29521452896589;11,9852102145632;25,7673202145258;1016,14623658965;0,582563254213258;8,51321365215236;25,8832102365236;98,1843201254785;0,923215478569854;0,06;1,10933325698547;6,65332652145879;0,265;3,91432012547859;68,8635236521458;2,39523659854789;14,7223254125485;"14";"0"
59;50;44,45;406,4508;0,275;14043,2658974587;937,325654785698;1138,08232025896;1359,23159658745;3389,23658965874;45,9752365147852;13,9093256985479;17,7220125202123;20,9613265214587;722,387325487458;0,441236598214578;11,3223652147852;36,3623256985422;161,733320215874;1,37132102154785;0,06;2,56932145874201;0,291325698587458;0,824326521021458;13,0362301259645;60,805202520236;0,13;45,2622584523658;"14";"0"
60;50;44,45;406,4508;0,275;11146,1240245785;562,632145874596;454,053202145896;40;2276,32102035478;12,1853265120236;1,62925314586923;8,81525478523698;1,74132032568596;120,052125359658;0,2;6,58432012365478;14,1273210256856;69,0593215420215;0,25;0,06;0,4;0,05;0,265;0,25;38,7563254102145;0,13;1,50988222829;"14";"1"
61;50;44,45;406,4508;0,275;15436,3265215478;1089,52136547896;914,203235210214;831,236589647856;3207,32032145874;30,3312365214589;6,29332568956847;10,8553210214525;6,8236547852369;355,533202145874;0,60732154025896;8,41632654785412;18,511556985362;60,1813201254785;0,25;0,06;1,14232154785698;0,05;0,265;2,74432012547559;53,7923256985478;0,13;3,57232541258965;"14";"0"
62;50;44,45;406,4508;0,275;11948,3215014785;915,326547896587;997,187325145236;999,236998547885;3217,20326521485;34,9552365214589;5,19132569854785;11,2632012587458;11,5282150236589;423,386320125478;0,2;6,50120314651253;26,2573215647896;108,573210215478;1,35432102145784;0,06;1,15732563254212;1,07832544479854;1,09320125966587;6,54732012547569;50,0732503698547;0,13;64,1683211021145;"14";"0"
63;50;44,45;406,4508;0,275;12688,3265896547;969,236489658741;892,186125369854;723,56326589658;3197,23652145789;32,3523201258964;8,03201236589658;11,1373214569854;7,93732025362558;401,313202154785;0,015;15,9643202365236;16,8452365214587;79,9432021547854;0,782326547951248;0,06;1,13632566698547;0,454365896523578;0,766320125478596;1,6732012589658;51,9873652120125;0,13;18,8942566325896;"14";"0"
64;50;44,45;406,4508;0,275;11041,2365874589;591,315684597264;698,754236541254;942,32658745896;2752,32012547856;29,6743265210236;5,30723654125897;9,73832012365478;9,42732564125789;395,014231546987;0,2;14,9342365231123;16,54321252589;92,0543201254785;0,71431203579512;0,06;0,981321022102547;0,443356214524785;0,265;1,13832012547859;44,4083265547859;0,13;7,4682365214521;"14";"0"
65;50;44,45;406,4508;0,275;11469,3201254785;881,201365478965;874,478321025698;865,569854785698;2882,32036589658;31,8893203652145;3,94823654589712;9,94832021236547;11,9732012547856;381,581320125478;0,564236521478596;16,4546547851254;20,4072365212541;348,365321021547;0,776321569854785;0,06;1,30232520012547;0,474326521547857;0,265;2,17732569854785;50,6623201245478;0,13;11,8132563254125;"14";"0"
66;50;44,45;406,4508;0,275;11572,3265984751;805,023562036985;606,045236521458;661,326547856985;2572,32652145879;17,1742136589658;3,43132658965478;9,74521365478965;4,91320125478569;198,403320125478;0,485320125478569;11,1451478523654;22,7732365214523;104,174326521254;0,859326547856985;0,06;1,09932145214785;0,446326548542547;0,265;2,94232265221452;46,0983265214587;0,11;21,2263202145874;"14";"0"
67;50;44,45;406,4508;0,275;11233,3201203654;835,352698547852;830,479365214589;1032,36541202365;3074,32652154785;35,0182365414785;2,80223658965874;18,6522136547856;18,3892032152458;763,061325614587;0,459320125478556;11,5055063202563;87,6442123652145;232,272320125478;1,48565896325632;0,06;2,07132145879652;0,456321000215478;1,77535555698521;19,8663652145896;65,3823252012589;0,13;74,6943225001254;"14";"0"
68;50;44,45;406,4508;0,275;11948,2365896547;1036,10256329875;919,353365214658;783,20154785693;3598,32036521458;29,3923145203652;5,78932658958745;15,0552314569854;10,2832012547589;385,045236514558;0,2;9,31523685963258;29,2042145896325;122,903320125478;0,619321458755896;0,06;1,69632564785412;0,278326521457856;0,265;4,59532652145896;51,6563250214258;0,13;29,6773250012458;"14";"0"
69;50;44,45;406,4508;0,275;11895,5213698547;857,236589745812;734,594356214587;604,236521458965;3251,32658965874;18,7122362214589;1,10423145698547;9,16432658965874;2,04632652145785;162,069326521452;0,2;8,28132021547859;15,7962136521458;72,5033201254785;0,25;0,06;0,055;0,965326521458965;0,265;0,565320125478569;46,4332563258965;0,13;1,55732563221102;"14";"1"
23;50;44,45;406,4508;0,275;13767,6940478319;959,793351010102;661,570173500559;235;2926,45993120011;14,8394419401983;1,42395423635093;11,8714544096353;11,9596178904741;1271,56413823249;0,2;50,651071935535;3,6649774847992;145,97623346931;0,25;1,62995004349984;0,922485833945954;0,263034136505776;0,265;0,25;39,6706238842639;0,13;0,235;"23";"1"
70;50;44,45;406,4508;0,275;16327,8988816581;1360,21005779952;1398,38780911901;1259,85409628386;4290,96788184451;50,3856165126904;4,24245518665446;10,5150217481891;15,9827404771081;845,211639960207;0,2;29,1309179815345;18,0202966277575;244,84568839486;1,01318598603597;2,23763893337823;1,37597751285879;0,267649663370504;0,885069805445927;6,16867370717538;62,1128946031894;0,11;47,2105379858134;"23";"0"
71;50;44,45;406,4508;0,275;16872,9051952923;1336,69131758989;1071,9490964687;1151,69235225936;4076,29258618343;30,0048974228338;22,3061242387354;11,1366218218613;8,96161238255083;436,456011517569;0,2;41,4202945577927;15,5448427601146;213,356858690709;1,71774417542611;6,58667860411976;1,42090241000153;0,314654980461445;0,628795429241584;4,77234054588777;51,0810557038248;0,13;25,8031673521177;"23";"0"
72;50;44,45;406,4508;0,275;17306,1363212061;1448,99349292864;1238,85771491609;802,034802002023;4315,12311606236;38,2541909909365;6,62060034769662;11,7913534051821;9,94411067215503;505,8647889181;0,2;96,2463238875011;20,7925672585683;286,2750259339;1,59606428012112;6,77326151449765;1,41546309670291;0,293742877196697;0,265;4,90238947335534;53,7757383764752;0,543376594000697;29,7754458042281;"23";"0"
73;50;44,45;406,4508;0,17;15262,4791519799;1443,45193972942;1498,7479072709;855,140491452953;4789,90806209211;43,8878101398511;3,40218604606736;17,636614038754;11,053969464253;500,393879295748;0,2;323,276575749625;24,9971886688088;349,552851915027;0,804590231201217;4,10561345496785;1,60860357179044;0,05;0,948091978543215;5,67792030797322;54,90933006459;0,621042716927725;30,1132792058666;"23";"0"
74;50;44,45;406,4508;0,275;16319,7787328014;1532,28462182036;1612,60071757793;982,644624791998;4648,8772305971;51,9852402001667;6,86578054138734;12,1375793418964;18,4203573695224;693,04165580109;0,2;192,733328991599;24,4309097665424;294,318591845813;1,28947066458157;3,21198778263527;1,97927703484162;0,08;0,869393588455238;5,3637261287151;60,7794373208968;0,11;26,1239023957468;"23";"0"
75;50;44,45;406,4508;0,275;16395,5354752766;1464,79116475668;1246,40281881018;681,611049387941;3744,26776226728;34,8324441756899;7,80618715482218;9,49114869512474;8,88725961336833;437,076548904337;0,2;157,080534527035;13,4036890614804;194,29806653396;0,889510157791597;4,79005035655929;1,23076188864917;0,05;0,265;2,59542119603399;48,9865928188966;0,11;16,5177414781313;"23";"0"
76;50;44,45;406,4508;0,275;16518,7509230176;1491,79024321309;1186,60538816691;641,246405887423;3681,99809243779;29,7194536068987;4,32322877339744;9,46485004930634;6,47048294821205;376,703129441039;0,2;151,372187761146;13,6527652563102;182,46728304393;0,25;3,36229544847006;1,27364981642142;0,08;0,265;1,3940513548554;47,1041010644139;0,13;1,63145272166657;"23";"0"
77;50;44,45;406,4508;0,275;16283,1400941151;1499,11741126769;1525,10725240319;739,779480155665;4275,81642694288;46,2008691191063;4,71838228982931;10,5368214962806;12,4990101221887;544,532407292474;0,2;310,663335187281;14,0821449630166;351,978521605903;0,25;4,50542611057419;1,42769129692088;0,08;0,58946922615413;1,53932628925452;54,9304661699494;0,13;8,34022618997968;"23";"0"
78;50;44,45;406,4508;0,275;27585,0381604136;1208,65365030464;1002,5433150649;941,212788544493;3481,15418817722;28,1763740660369;3,75718182759812;8,64986384739096;6,91013279884438;369,637322002938;0,665370738793689;111,261479371394;11,1113648907264;182,76739547728;1,25911493006935;2,68096057402919;1,83568339380247;0,304268155550635;0,591370639355981;3,85288201278238;50,3809262548937;1,67360648572678;22,3742737768269;"23";"0"
79;50;44,45;406,4508;0,275;28133,6396906744;1660,89165230302;1382,80447408358;750,981169437998;4113,49264340674;41,3566998664014;6,47140404704494;12,2617220591375;9,25149241132273;421,802210597481;0,681307068753811;132,93347693351;15,3866066161114;204,133567049038;1,03208035883971;0,70154873201549;1,78442352730193;0,08;0,265;2,97242301905516;56,4487391983087;1,09957451632434;13,8740449752355;"23";"0"
80;50;44,45;406,4508;0,275;21684,9621238497;1027,65646309348;793,75289881437;235;3358,00004657338;22,6003595464599;3,18945786583049;9,48111409654916;4,90265903837068;244,283355764835;0,2;106,716122516954;8,07653953883372;144,151928884752;0,25;0,878544370261671;1,29434282698999;0,08;0,265;0,834735283686431;45,9916346330235;0,911337900260647;1,64538203982022;"23";"0"
81;50;44,45;406,4508;0,275;22700,5688439347;1662,20592201034;1393,11496655394;725,315884125591;4742,17950955597;39,3224008237607;1,56568070263136;9,49100352403878;12,3009090564189;587,589774424506;0,2;91,3390600460576;37,9462402412439;300,809180205281;1,08703796697623;0,06;1,68668517590368;0,05;1,74638323561893;9,74126116408928;56,7313220073276;1,17214496329205;54,701327790659;"23";"0"
82;50;44,45;406,4508;0,275;21674,2219718378;1286,72868354441;1671,26241870215;946,864983992784;4470,35343116968;63,8152465914162;2,63660734286087;10,5232595207846;21,9692829078507;878,252569480097;0,596221701968234;116,228917804137;56,7868755082455;283,084288696522;1,99717117492538;0,06;1,60964046479016;0,08;1,45533789914771;28,0469504760818;60,7512808425946;1,14377446249425;34,9805804216998;"23";"0"
83;50;44,45;406,4508;0,275;18615,8407466889;1453,50478073185;1337,06784477686;662,425655143571;4226,16108148846;43,6216392885438;3,01706099535023;9,872665141743;12,1909747920341;460,476029958278;0,2;67,0177269104762;12,6865198640686;224,406696936215;0,585843463385289;0,2;1,77076970216706;0,08;0,265;2,48922209211187;55,8521538348661;0,996905610039518;13,7637150404059;"23";"0"
84;50;44,45;406,4508;0,275;19719,3458089966;1544,75771008935;1447,37563393804;810,292265024221;4129,47827307141;42,45664972809;2,38465089201726;10,8204356293597;11,8133475537581;480,917468670467;0,519128547389939;104,332351608539;21,3592515105718;226,0901626178;0,657554973167916;0,06;1,59422985032641;0,08;0,600911886827291;11,3341542088836;55,3827579932576;0,846804545932678;28,6726525452587;"23";"0"
85;50;44,45;406,4508;0,275;13624,7933669757;1052,22184780499;1249,00548457439;842,86283993417;3881,31329469997;46,4084890078797;4,22498532250757;16,0969016382603;13,4140342731891;557,132510414202;0,514511520723247;57,6454810331796;17,9226345280609;199,508919589578;0,872436657800973;0,06;1,56807843070137;0,289046360416084;0,623204373873271;5,87573435824136;52,5577813965789;0,858830974256906;22,0049397690614;"23";"0"
86;50;44,45;406,4508;0,275;21483,591380232;1627,94515716636;2321,26312469294;1076,02807433119;5118,41028151968;95,7522636649185;3,1946978883409;11,010215804131;23,8488478286298;961,991416174566;0,63631047999752;66,7060104478569;16,3176109076327;186,014205274052;0,860827620444938;0,971275706117319;1,40751915805676;0,08;0,71200438645517;4,35973180751927;59,3014439723713;0,763693979131907;19,0353606920656;"23";"0"
87;50;44,45;406,4508;0,275;23213,851142929;1357,54956679032;1235,08221096706;851,863120575708;3868,47898255773;36,9064172762546;4,09198419548461;9,97460448346055;8,30073965122735;378,739266093975;0,439542932744721;66,8803560952738;11,7998551364345;147,194556308288;1,30851205280886;4,94156150450265;1,17035844024078;0,08;0,736116060404068;3,96319184573601;51,0776109542307;0,828770751116406;51,745193852692;"23";"0"
88;50;44,45;406,4508;0,275;21437,422478589;1287,62140041842;1084,55069590796;612,52666494033;3669,01074863586;34,1726487634238;4,95583347945722;11,514065339308;8,44393000559999;357,65671294694;0,53705223616258;84,0274017630709;9,96017396903654;191,646546139498;0,04;1,81584117889949;1,20847639098311;0,08;0,265;1,40399019236599;48,5828550117665;0,797709374393881;6,76266456897241;"23";"0"
89;50;44,45;406,4508;0,275;26252,4561473011;1494,96540618457;1093,37763538388;573,652968172815;3740,46189349376;30,7695243401959;1,56335136541968;9,67563698612903;5,02352223636616;234,095278448366;0,2;11,6072135424686;8,1672341313886;113,477935294284;0,622355364271493;1,93090920853909;1,1228056905336;0,08;0,265;1,97340430264881;46,5473051544323;0,772673711932346;20,0466328903274;"23";"0"
90;50;44,45;406,4508;0,275;26100,9679004715;1180,42492502004;883,283888585951;561,380170607751;3291,54549388207;27,2300267779468;1,94690542019428;8,3935397148981;6,69098191720718;222,28939720815;0,2;8,99600250000154;11,2766275657023;91,842763989352;0,771658398997151;0,06;1,08420987485353;0,08;0,265;3,74150424805937;45,0871974521869;0,812650332383283;8,83109171870587;"23";"0"
91;50;44,45;406,4508;0,275;19325,9889033441;1385,44052310329;985,164578606544;593,256546513265;3484,31899241139;25,4845065219041;4,39299507468488;12,0783850152655;4,13733254789066;192,376759853744;0,2;8,52563261718948;6,59941734640007;84,7677830962969;0,764657285963398;0,06;1,23153586282021;0,08;0,265;1,7329996198441;47,4599447481846;0,57731983767395;2,79900257500011;"23";"0"
92;50;44,45;406,4508;0,275;16044,1370704036;1078,86926086764;752,840040100543;40;3204,74084871694;18,6240991731135;1,64704666154406;12,4763577625855;3,05348396926874;159,893669352972;0,2;7,61308780250506;4,35239409826374;83,2352599468677;0,59201918114677;4,13305547557198;1,10073024228485;0,08;0,265;1,68723013931393;44,9731063966173;0,859770038518555;22,7206687723619;"23";"0"
93;50;44,45;406,4508;0,275;17617,9177311946;1366,77051617016;861,117707818902;594,158080086219;3276,53553680474;22,0041612400266;1,90299897898686;8,18177429281475;3,34644772003296;171,299584856855;0,2;37,6365113444742;5,97310538131445;107,504527225624;0,25;0,06;1,00748588454045;0,08;0,265;2,18232402211037;47,9261543203386;0,752397201413453;1,33035612101856;"23";"0"
94;50;44,45;406,4508;0,275;13042,9153876482;1094,9962301867;1136,6950015748;608,259237883828;3544,2901032332;41,1817048922506;2,10674614476922;9,30548679821975;10,4946949692877;370,176456205725;0,2;12,9461012633457;50,5285059037042;220,631221181173;0,25;0,2;0,959408404737822;0,08;0,849553629615479;21,9606717613479;51,0961087661576;0,89897910528389;16,6478468801722;"23";"0"
95;50;44,45;406,4508;0,275;15995,468993265;1563,34435848307;1492,61810865569;805,682494916495;4279,38661200185;49,4237306669925;2,80721795917812;11,4051399820228;11,6273236378576;485,244852742715;0,015;24,8586029535514;16,3885546767817;135,934020302351;1,36152735841145;3,80008384798846;1,22214030150536;0,08;0,888804795629055;7,97602965316184;53,9795264258045;1,06770995036951;46,1582732000018;"23";"0"
96;50;44,45;406,4508;0,275;17154,8208174307;1449,25527067061;1165,21791179636;1102,39959586912;4113,5510779801;32,5314670708469;2,22913847804267;10,5360360375437;7,73829569722215;262,956261514031;0,2;7,48352375480548;8,93990550954584;110,064684903842;0,04;0,06;1,0611867965219;0,08;0,265;2,24521875879001;51,6759562769682;0,867891867373673;7,40582595141707;"23";"0"
97;50;44,45;406,4508;0,275;16565,9995371593;1580,37013421696;1430,9147603025;656,853917286259;4480,04642976173;49,7376085585531;3,01804940889492;10,8864842843318;11,7009244832336;440,079046143251;0,487251776234648;6,79732928856607;16,2900697230882;129,998166742416;0,764053963383661;0,06;1,31012640490625;0,08;0,756873580183677;8,26797801054574;56,3702973365425;1,24703466139291;19,6699589660389;"23";"0"
98;50;44,45;406,4508;0,275;13563,7324798971;1522,88819136581;1139,76125670976;630,714229038316;3794,13502176651;31,9926407447193;2,81663703334152;12,0858307538896;5,66710235591531;251,095472357281;0,2;7,29975168272609;5,94443743386741;104,506605893399;0,639797119792696;0,06;1,33443312512436;0,08;0,265;3,08065148111658;50,0079527979969;0,777639600523981;2,61261337296798;"23";"0"
99;50;44,45;406,4508;0,275;14639,4284974949;1286,36229349953;892,964979892687;578,066695339166;3532,63043251277;22,5127418987419;5,38819629491277;9,20863384557826;5,12829019681055;198,026656589164;0,457916118938056;11,2218275420651;9,93319384206008;139,912947594278;1,34389493108315;4,6526206851294;1,22602436029783;0,08;0,591679229897759;4,92873048058707;51,7101024582543;1,23072939170722;27,3670951335863;"23";"0"
100;50;44,45;406,4508;0,275;15034,2183548613;1201,92629332857;853,62736682009;40;3683,58694590138;23,1889991562971;4,58809063377585;9,82821630131922;4,26713168820285;196,177868726905;0,2;8,21806054682311;3,62510584029689;90,7956385118974;0,25;0,2;1,16719984594268;0,08;0,265;1,0002651535591;53,9319573755758;0,88966183900325;1,83750039971288;"23";"0"
101;50;44,45;406,4508;0,275;15996,9342158941;1584,99969233868;1694,61237101389;883,858568358279;4713,87309432367;69,3472784041475;2,48801700430525;19,0680368655678;19,8272551924778;1190,07434001879;0,517869346019019;179,464664926205;16,5812624533151;194,081300010443;0,880202287096534;0,06;1,42091273821618;0,08;0,025;5,64956242615694;57,5058830306988;0,985430926089952;13,8078060115614;"23";"0"
102;50;44,45;406,4508;0,275;14619,5827723536;1346,4464808856;1481,9925552074;735,319676128939;4020,2378924355;56,5759585914613;3,54795507469087;11,3553539876498;12,5088055218825;524,591507028092;0,2;51,0908067854721;21,394946654702;245,997294480442;1,04244661654255;0,2;1,13529222994736;0,08;0,265;4,87063117549312;51,5581211211998;1,09863912482395;9,60726655107436;"23";"0"
103;50;44,45;406,4508;0,275;14749,347558547;1314,8746991508;1074,7383522256;577,39107569133;3651,61937533782;33,2438915138154;2,38452027092322;10,0966229779805;8,75416265479923;372,283927755124;0,2;8,69261558405947;12,0045590374817;97,2371890014289;0,655355382800694;3,08463824631104;1,29095150703597;0,08;0,265;3,73613548083442;53,1396764531462;0,992538671225581;3,89214152295204;"23";"0"
104;50;44,45;406,4508;0,275;15210,4482722103;1364,66621643448;1159,20209435293;653,456217208198;3740,24512301856;36,8437078193135;6,38162968169584;14,9467510275978;8,46865117643127;409,799488429115;0,479718007238839;9,68306588199818;6,06470071969056;103,226593349787;0,25;0,06;1,24025572840175;0,08;0,265;1,12541490839464;54,4955138109414;0,894807790873283;2,09914919264386;"23";"0"
105;50;44,45;406,4508;0,275;16601,0588002155;1327,4104680135;1247,49115177974;775,386828708148;4072,1481334585;35,0733870545279;14,098502534634;15,2846225238523;15,2844063335918;712,219111020514;1,47817500592917;302,260299005119;28,2922184960781;296,291824285809;1,79420951522689;4,82481738573449;1,94403493278468;0,05;0,776050650921354;3,51219905507785;62,0612599470814;1,24957014114646;30,9362036119041;"23";"0"
106;50;44,45;406,4508;0,275;15621,4754687058;1311,39584520521;1193,48291556809;647,395913534222;3977,20434190479;32,0516882527831;1,77156944993573;13,508794195201;10,7138143252976;597,363737664067;0,79211096403222;284,467302253744;27,6965074695939;271,705591275296;0,743395238222528;2,20687057182145;1,39949715014533;0,08;0,672725859315888;3,24474443594262;53,3686721844565;1,72517111920769;35,1093742884145;"23";"0"
107;50;44,45;406,4508;0,275;16364,4559368607;1710,87720285901;1318,94444790603;648,785413298309;4411,1846834609;37,9483362192739;2,00415090782668;13,0090549225283;9,34474681744232;432,346702941382;0,582072595090647;180,784742345827;16,4259213154835;165,644660266326;0,25;1,47577307159739;1,27441970166124;0,08;0,265;0,842802280228256;55,4623468708256;1,0538089417068;1,68975338949365;"23";"0"
108;50;44,45;406,4508;0,275;14853,9107906007;1252,29896216674;1140,83517794235;945,346895786191;4091,45310092621;32,1007656285393;2,00045218184713;13,0466526367096;9,47641198685221;469,174219344033;0,705767649441265;205,597196841207;17,2965267896124;193,266622922116;1,32494534437709;5,22296040478932;1,9628643984186;0,08;0,626365455544512;2,78215693981136;55,5960985626014;2,11414811424386;8,03528353105552;"23";"0"
109;50;44,45;406,4508;0,275;17370,1726647283;1700,47778451491;1454,87557413036;737,184352258203;4640,88828098106;47,59923567993;2,1660911528026;15,3682073077615;13,9350135216531;601,932695969649;0,658713776220677;130,436309478668;57,56178745392;198,730143683163;1,17294610399152;0,06;2,15124755840813;0,08;1,30576228446395;12,9962255010014;55,8091815056718;2,73631784125064;25,9343952764953;"23";"0"
110;50;44,45;406,4508;0,275;17943,6987920312;1471,73447742459;1169,26115039686;662,325803960158;4102,54388812153;37,9096340051811;2,01120899354253;15,0758034414987;9,40463952033387;487,254909570947;0,473175057349444;118,5288634751;33,5147354547888;167,333165039456;0,04;1,63695538714791;1,57839403913617;0,08;0,682154400346489;3,37927568963585;52,1058768362035;2,156571713108;19,1966287638492;"23";"0"
111;50;44,45;406,4508;0,275;16963,8386253161;1580,10507180331;1615,18051069449;1055,17897420272;4619,7905665164;55,1863877269904;2,27886641716169;12,8995816741137;14,9755593899679;658,726620361591;0,763796020233412;170,919039537691;46,5780574448329;232,021059352066;0,951864921829018;0,06;1,45375656824285;0,05;1,6691808841141;12,5558412944166;56,0472872773208;2,47618241102109;80,2468815874789;"23";"0"
112;50;44,45;406,4508;0,275;15554,4435992763;1436,54458760325;1328,39146335714;1075,27497202969;4212,86083517653;39,9459543169869;2,1058340628483;10,3741317650258;17,2062686002048;532,273237634224;0,721976555667566;172,742754624827;28,7613421324366;267,070813055542;0,825868071914385;0,2;1,41897736731387;0,08;0,945000724200906;8,7385702291707;54,4684009224113;1,64806292569064;20,3479405531585;"23";"0"
113;50;44,45;406,4508;0,275;13494,7269731685;1429,04634930162;1236,97741979831;853,1028244876;4155,15912775767;40,355408914771;1,88509120494622;9,1336699421383;11,1561222666278;414,698964198743;0,2;17,6310282236484;7,1855524615648;141,181318928734;0,776131270813285;0,06;1,22987580409776;0,08;0,265;1,6367826736709;53,7690901621306;1,40696176594524;6,51616241079146;"23";"0"
114;50;44,45;406,4508;0,275;14096,9509756839;1060,94361809442;907,510819326329;551,479180519255;3493,6024588005;31,0258701814855;7,38754909993996;11,4112414362891;8,49390789915042;432,984475670803;0,015;20,3374860611315;6,98503601815604;137,49480382739;0,607465025948082;0,06;1,28060205966161;0,08;0,265;1,22344391525315;49,1273793654061;1,53539350766997;1,70045726489474;"23";"0"
115;50;44,45;406,4508;0,275;13401,1699006377;1279,45884135475;1141,4787950647;762,674681823342;4172,67344452249;36,1849690331762;2,22173397070025;10,8387522210686;8,10744565688966;372,176437353981;0,2;37,2214966867908;7,85248413286688;127,722259208398;0,04;0,06;1,21947468265366;0,08;0,265;3,05440252690257;47,9367950130356;1,32774980455536;3,33444218804788;"23";"0"
116;50;44,45;406,4508;0,275;14042,6477408171;1377,33974060667;955,965048243736;622,721641443443;3811,60002951016;27,4204344261451;2,43181035524421;13,9668519370117;6,29432558427984;290,63174987824;0,2;100,460147094315;12,4654614041943;194,725228793427;0,25;0,06;1,40108537270295;0,08;0,702543452092145;1,54649303033989;45,7717844180689;1,43222688701666;2,49038028241276;"23";"0"
118;50;44,45;406,4508;0,275;12309,8691426301;1123,27379625494;746,092719223573;40;3105,97257638135;17,4016396989509;0,792453256170452;9,34284681675597;2,43267483572207;114,256342368989;0,2;17,7408556686475;4,93481880653142;112,067335323549;0,25;0,904219906389797;0,4;0,08;0,265;0,25;39,3162555206923;0,977813083411178;0,235;"23";"1"
119;50;44,45;406,4508;0,275;12646,1645701091;1102,76198291193;767,596156053298;235;3509,66545897156;18,2139398981344;1,00906256021048;8,25267606593147;2,06442844672439;100,466588725511;0,2;13,7938614740326;2,17722855776399;131,217552341568;0,25;0,06;0,951254588241039;0,08;0,265;0,25;44,4573362852319;0,789264070896144;0,235;"23";"1"
120;50;44,45;406,4508;0,275;13093,1398152687;1010,35164590751;673,830193345663;235;3455,7125685279;17,0763164831086;1,17542489897365;8,72000197553045;1,71916437786921;82,4482658471069;0,2;11,4296011653256;1,49994125179095;96,1588630361762;0,25;0,06;0,948552729811972;0,08;0,265;0,25;44,9310328183879;0,700448378882694;0,235;"23";"1"
